id,time,l0,a,l,alag,llag,y,yc
1,1,0.479863366544625,1,0.463924851599544,0,0,0,0
1,2,0.479863366544625,0,-0.0163939186993578,1,0.463924851599544,0,0
1,3,0.479863366544625,1,0.112471032136066,0,-0.0163939186993578,0,0.584580977473218
2,1,-1.08399741991984,0,-0.396198580955911,0,0,0,0
2,2,-1.08399741991984,0,-0.362442604176632,0,-0.396198580955911,0,0
2,3,-1.08399741991984,0,-0.322816323410422,0,-0.362442604176632,0,-0.0101017683999263
3,1,1.964390050571,1,1.28041452781405,0,0,0,0
3,2,1.964390050571,1,0.786735017358911,1,1.28041452781405,0,0
3,3,1.964390050571,0,0.350964817653818,1,0.786735017358911,1,1.21043654116691
4,1,-1.55477257240215,0,-0.655124914821182,0,0,0,0
4,2,-1.55477257240215,1,-0.617131961669563,0,-0.655124914821182,0,0
4,3,-1.55477257240215,0,-0.991152423628669,1,-0.617131961669563,0,-1.40939932058398
5,1,0.0785181246265905,1,0.243184968544625,0,0,0,0
5,2,0.0785181246265905,1,-0.233521694577015,1,0.243184968544625,0,0
5,3,0.0785181246265905,0,-0.52366486416068,1,-0.233521694577015,0,-0.202218951078693
6,1,-0.726162390629281,1,-0.199389314846105,0,0,0,0
6,2,-0.726162390629281,0,-0.668853853330441,1,-0.199389314846105,0,0
6,3,-0.726162390629281,0,-0.446859593526048,0,-0.668853853330441,0,-0.706582651390399
7,1,-0.492553165300585,0,-0.0709042409153219,0,0,0,0
7,2,-0.492553165300585,1,-0.0424712624276166,0,-0.0709042409153219,0,0
7,3,-0.492553165300585,1,-0.498516307003105,1,-0.0424712624276166,0,-0.68628221807429
8,1,-0.152510854617109,1,0.11611902996059,0,0,0,0
8,2,-0.152510854617109,0,-0.358508372347856,1,0.11611902996059,0,0
8,3,-0.152510854617109,0,-0.180811484154323,0,-0.358508372347856,1,-0.172877793166601
9,1,0.623134740574946,1,0.542724107316221,0,0,0,0
9,2,0.623134740574946,0,0.061115894651046,1,0.542724107316221,0,0
9,3,0.623134740574946,0,0.178917429983849,0,0.061115894651046,0,0.801697611307059
10,1,1.73715831314048,1,1.15543707222727,0,0,0,0
10,2,1.73715831314048,0,0.663802647409002,1,1.15543707222727,0,0
10,3,1.73715831314048,1,0.695579282468294,0,0.663802647409002,0,0.966729526568113
11,1,-0.934850115996256,0,-0.314167563797941,0,0,0,0
11,2,-0.934850115996256,1,-0.281753912753974,0,-0.314167563797941,0,0
11,3,-0.934850115996256,0,-0.703644786796743,1,-0.281753912753974,0,-0.630043651772164
12,1,0.273891265005691,0,0.35064019575313,0,0,0,0
12,2,0.273891265005691,0,0.372175174368079,0,0.35064019575313,0,0
12,3,0.273891265005691,1,0.30694529088434,0,0.372175174368079,0,1.35874221384953
13,1,0.709542009656342,0,0.590248105310988,0,0,0,0
13,2,0.709542009656342,1,0.607862227224081,0,0.590248105310988,0,0
13,3,0.709542009656342,0,0.0589913932384185,1,0.607862227224081,0,-0.0557895923621177
14,1,1.05489221908129,0,0.780190720494709,0,0,0,0
14,2,1.05489221908129,1,0.794696690522978,0,0.780190720494709,0,0
14,3,1.05489221908129,0,0.21915791336552,1,0.794696690522978,0,0.36749334549084
15,1,-0.665280087664733,0,-0.165904048215603,0,0,0,0
15,2,-0.665280087664733,1,-0.135916527426621,0,-0.165904048215603,0,0
15,3,-0.665280087664733,0,-0.57862359905715,1,-0.135916527426621,0,-0.202927852101002
16,1,-0.241037315850632,1,0.0674294762821522,0,0,0,0
16,2,-0.241037315850632,0,-0.406401187875192,1,0.0674294762821522,0,0
16,3,-0.241037315850632,1,-0.221868286345206,0,-0.406401187875192,0,-0.00353576707131896
17,1,-1.44765886303992,0,-0.596212374671957,0,0,0,0
17,2,-1.44765886303992,0,-0.559183444904598,0,-0.596212374671957,0,0
17,3,-1.44765886303992,0,-0.491475227500655,0,-0.559183444904598,0,0.253050455604782
18,1,-0.64303918363722,1,-0.153671551000471,0,0,0,0
18,2,-0.64303918363722,0,-0.623884198347736,1,-0.153671551000471,0,0
18,3,-0.64303918363722,1,-0.40830871258727,0,-0.623884198347736,0,-0.357061853426344
19,1,-1.24744869079179,0,-0.486096779935482,0,0,0,0
19,2,-1.24744869079179,0,-0.450869741718356,0,-0.486096779935482,0,0
19,3,-1.24744869079179,1,-0.398621753815414,0,-0.450869741718356,1,-0.569063964083358
20,1,2.41543026545383,1,1.52848664599961,0,0,0,0
20,2,2.41543026545383,1,1.03074777361052,1,1.52848664599961,0,0
20,3,2.41543026545383,1,0.560148248512177,1,1.03074777361052,0,1.39301795859234
21,1,1.50208685113355,1,1.02614776812345,0,0,0,0
21,2,1.50208685113355,0,0.536628986463252,1,1.02614776812345,0,0
21,3,1.50208685113355,1,0.586557839818719,0,0.536628986463252,0,1.16778231295684
22,1,0.668022164968744,1,0.567412190732809,0,0,0,0
22,2,0.668022164968744,1,0.0853999912480905,1,0.567412190732809,0,0
22,3,0.668022164968744,0,-0.250264680330796,1,0.0853999912480905,0,0.226525842851524
23,1,-1.07657551931113,0,-0.392116535621122,0,0,0,0
23,2,-1.07657551931113,0,-0.358427355947321,0,-0.392116535621122,0,0
23,3,-1.07657551931113,1,-0.319374194346116,0,-0.358427355947321,1,0.515692114633392
24,1,-0.0157096856941984,1,0.191359672868191,0,0,0,0
24,2,-0.0157096856941984,0,-0.284498939960561,1,0.191359672868191,0,0
24,3,-0.0157096856941984,0,-0.117365838031255,0,-0.284498939960561,0,-0.690003001723218
25,1,-0.592223354409841,1,-0.125722844925413,0,0,0,0
25,2,-0.592223354409841,1,-0.596392834735724,1,-0.125722844925413,0,0
25,3,-0.592223354409841,0,-0.834741347308196,1,-0.596392834735724,0,-0.838311490633831
26,1,-0.782384519582881,1,-0.230311485770585,0,0,0,0
26,2,-0.782384519582881,1,-0.699270025094339,1,-0.230311485770585,0,0
26,3,-0.782384519582881,0,-0.922934292492149,1,-0.699270025094339,0,-0.893425444281986
27,1,-0.177773258990695,1,0.102224707555118,0,0,0,0
27,2,-0.177773258990695,0,-0.372175333113966,1,0.102224707555118,0,0
27,3,-0.177773258990695,1,-0.192527682054705,0,-0.372175333113966,0,-0.0332089338246061
28,1,0.139465786218558,1,0.276706182420207,0,0,0,0
28,2,0.139465786218558,1,-0.20054900965576,1,0.276706182420207,0,0
28,3,0.139465786218558,0,-0.495398557667557,1,-0.20054900965576,0,-0.0428769411871984
29,1,0.598725731725199,1,0.52929915244886,0,0,0,0
29,2,0.598725731725199,0,0.0479106208633329,1,0.52929915244886,0,0
29,3,0.598725731725199,1,0.167597019859513,0,0.0479106208633329,0,1.49955781366919
30,1,0.993322688983478,1,0.746327478940913,0,0,0,0
30,2,0.993322688983478,0,0.261387574740061,1,0.746327478940913,0,0
30,3,0.993322688983478,1,0.350603196696757,0,0.261387574740061,0,1.53805228290946
31,1,0.620520425101921,1,0.541286233806057,0,0,0,0
31,2,0.620520425101921,0,0.0597015499801394,1,0.541286233806057,0,0
31,3,0.620520425101921,1,0.177704962753769,0,0.0597015499801394,0,0.347713040776211
32,1,-0.0564325051207232,1,0.168962122183602,0,0,0,0
32,2,-0.0564325051207232,0,-0.306529985270311,1,0.168962122183602,0,0
32,3,-0.0564325051207232,1,-0.136252267224889,0,-0.306529985270311,0,0.124481193625209
33,1,0.879897514535294,1,0.683943632994412,0,0,0,0
33,2,0.879897514535294,0,0.200024555363594,1,0.683943632994412,0,0
33,3,0.879897514535294,0,0.297998869291179,0,0.200024555363594,0,0.826022817744707
34,1,-2.01486683208957,0,-0.908176757649265,0,0,0,0
34,2,-2.01486683208957,0,-0.866042956160459,0,-0.908176757649265,0,0
34,3,-2.01486683208957,1,-0.754534939386502,0,-0.866042956160459,0,-0.880401327231779
35,1,-0.810758628733816,0,-0.245917245803599,0,0,0,0
35,2,-0.810758628733816,0,-0.214620418144995,0,-0.245917245803599,0,0
35,3,-0.810758628733816,0,-0.196093636834169,0,-0.214620418144995,0,-0.210945001178198
36,1,1.40080109748173,1,0.97044060361495,0,0,0,0
36,2,1.40080109748173,1,0.481833393737614,1,0.97044060361495,0,0
36,3,1.40080109748173,1,0.089583532990075,1,0.481833393737614,1,1.19357113508298
37,1,2.48637674027428,1,1.56750720715085,0,0,0,0
37,2,2.48637674027428,0,1.06912981648838,1,1.56750720715085,0,0
37,3,2.48637674027428,0,1.0430518046044,0,1.06912981648838,1,1.88279670864257
38,1,0.638621734206329,1,0.551241953813481,0,0,0,0
38,2,0.638621734206329,1,0.0694943582056237,1,0.551241953813481,0,0
38,3,0.638621734206329,1,-0.263900012109789,1,0.0694943582056237,0,-0.0315396743894685
39,1,-1.10077010892036,1,-0.405423559906201,0,0,0,0
39,2,-1.10077010892036,1,-0.871516628925917,1,-0.405423559906201,0,0
39,3,-1.10077010892036,0,-1.07059516111509,1,-0.871516628925917,0,-1.02291859258618
40,1,0.861340258624005,1,0.673737142243203,0,0,0,0
40,2,0.861340258624005,0,0.189985079915587,1,0.673737142243203,0,0
40,3,0.861340258624005,1,0.289392385144641,0,0.189985079915587,0,1.17192217081954
41,1,0.892616610682894,0,0.690939135875592,0,0,0,0
41,2,0.892616610682894,1,0.706905586379446,0,0.690939135875592,0,0
41,3,0.892616610682894,1,0.143897731702512,1,0.706905586379446,0,0.750171367075691
42,1,0.290662288689759,1,0.359864258779367,0,0,0,0
42,2,0.290662288689759,1,-0.118751701818841,1,0.359864258779367,0,0
42,3,0.290662288689759,1,-0.425276643751464,1,-0.118751701818841,0,-0.103346949907485
43,1,0.449911567359184,1,0.447451362047551,0,0,0,0
43,2,0.449911567359184,0,-0.0325978420586811,1,0.447451362047551,0,0
43,3,0.449911567359184,1,0.0985799867098426,0,-0.0325978420586811,0,1.1443201929611
44,1,-0.436262025755072,0,-0.0399441141652898,0,0,0,0
44,2,-0.436262025755072,1,-0.0120177559334942,0,-0.0399441141652898,0,0
44,3,-0.436262025755072,0,-0.472409602304687,1,-0.0120177559334942,0,0.257608931173372
45,1,0.247178237513309,0,0.33594803063232,0,0,0,0
45,2,0.247178237513309,1,0.3577234264947,0,0.33594803063232,0,0
45,3,0.247178237513309,1,-0.155443677006077,1,0.3577234264947,0,0.164624595487151
46,1,0.580261723560153,0,0.519143947958084,0,0,0,0
46,2,0.580261723560153,1,0.537921592446043,0,0.519143947958084,0,0
46,3,0.580261723560153,0,-0.000966217847272396,1,0.537921592446043,0,0.572550460292394
47,1,0.66011503412141,1,0.563063268766775,0,0,0,0
47,2,0.66011503412141,0,0.0811222334596826,1,0.563063268766775,0,0
47,3,0.66011503412141,1,0.196068150524827,0,0.0811222334596826,0,0.421432037264613
48,1,-1.22500159928324,0,-0.473750879605783,0,0,0,0
48,2,-1.22500159928324,0,-0.438725865212234,0,-0.473750879605783,0,0
48,3,-1.22500159928324,0,-0.388211241715582,0,-0.438725865212234,0,-0.555163085566162
49,1,-1.06002256471748,0,-0.383012410594613,0,0,0,0
49,2,-1.06002256471748,1,-0.349472207512156,0,-0.383012410594613,0,0
49,3,-1.06002256471748,0,-0.761697265064672,1,-0.349472207512156,0,-0.857454719560815
50,1,-0.276763482302387,1,0.0477800847336871,0,0,0,0
50,2,-0.276763482302387,0,-0.425729043925591,1,0.0477800847336871,0,0
50,3,-0.276763482302387,0,-0.238437367822201,0,-0.425729043925591,0,-0.707962516710214
51,1,-0.918244174977119,0,-0.305034296237415,0,0,0,0
51,2,-0.918244174977119,0,-0.272770098662621,0,-0.305034296237415,0,0
51,3,-0.918244174977119,0,-0.245943283470888,0,-0.272770098662621,0,-0.321933529461682
52,1,1.0003195785533,1,0.750175768204317,0,0,0,0
52,2,1.0003195785533,0,0.265172891997338,1,0.750175768204317,0,0
52,3,1.0003195785533,0,0.353848214141451,0,0.265172891997338,1,1.78162440109917
53,1,-0.873559582404619,1,-0.280457770322541,0,0,0,0
53,2,-0.873559582404619,0,-0.748595734080899,1,-0.280457770322541,0,0
53,3,-0.873559582404619,1,-0.515219463127614,0,-0.748595734080899,1,-0.0276214743705658
54,1,-1.43475724472985,0,-0.589116484601416,0,0,0,0
54,2,-1.43475724472985,0,-0.552203669398847,0,-0.589116484601416,0,0
54,3,-1.43475724472985,1,-0.485491714960808,0,-0.552203669398847,0,-0.274486173461103
55,1,-0.452254869962915,0,-0.0487401784796034,0,0,0,0
55,2,-0.452254869962915,1,-0.0206698846499372,0,-0.0487401784796034,0,0
55,3,-0.452254869962915,0,-0.479826763591401,1,-0.0206698846499372,0,-0.217479777368173
56,1,0.954727271716465,1,0.725099999444056,0,0,0,0
56,2,0.954727271716465,0,0.240507453998608,1,0.725099999444056,0,0
56,3,0.954727271716465,1,0.332703414076662,0,0.240507453998608,1,0.881037237592106
57,1,0.786394574247841,1,0.632517015836312,0,0,0,0
57,2,0.786394574247841,1,0.149439464668082,1,0.632517015836312,0,0
57,3,0.786394574247841,0,-0.195365924355336,1,0.149439464668082,0,-0.322470619971568
58,1,-0.157098633795905,0,0.113595751412252,0,0,0,0
58,2,-0.157098633795905,1,0.139009639116415,0,0.113595751412252,0,0
58,3,-0.157098633795905,0,-0.342939204381865,1,0.139009639116415,0,0.124836661905957
59,1,0.520893502305221,1,0.486491426267872,0,0,0,0
59,2,0.520893502305221,1,0.00580338474712466,1,0.486491426267872,0,0
59,3,0.520893502305221,0,-0.318500011500885,1,0.00580338474712466,0,-0.227802345698669
60,1,0.993496225265381,1,0.746422923895959,0,0,0,0
60,2,0.993496225265381,1,0.261481457868571,1,0.746422923895959,0,0
60,3,0.993496225265381,0,-0.0993163206464217,1,0.261481457868571,1,0.038741181000889
61,1,-1.17512565066601,1,-0.446319107866305,0,0,0,0
61,2,-1.17512565066601,0,-0.911742977010311,1,-0.446319107866305,0,0
61,3,-1.17512565066601,0,-0.655079774265882,0,-0.911742977010311,0,-0.83185065858354
62,1,0.202912812197182,0,0.31160204670845,0,0,0,0
62,2,0.202912812197182,0,0.333775831398675,0,0.31160204670845,0,0
62,3,0.202912812197182,1,0.274026904040809,0,0.333775831398675,0,0.196428954240136
63,1,-0.533650556632689,1,-0.0935078061479792,0,0,0,0
63,2,-0.533650556632689,1,-0.564704951138285,1,-0.0935078061479792,0,0
63,3,-0.533650556632689,0,-0.807576455155109,1,-0.564704951138285,0,-0.226088049458694
64,1,0.647841532039427,1,0.556312842621685,0,0,0,0
64,2,0.647841532039427,0,0.0744822688333298,1,0.556312842621685,0,0
64,3,0.647841532039427,1,0.190375945729245,0,0.0744822688333298,0,0.298228323605835
65,1,0.132351231752366,1,0.272793177463801,0,0,0,0
65,2,0.132351231752366,1,-0.20439798362197,1,0.272793177463801,0,0
65,3,0.132351231752366,1,-0.498698145737888,1,-0.20439798362197,0,-1.12430125374744
66,1,1.28690714182841,1,0.907798928005627,0,0,0,0
66,2,1.28690714182841,1,0.420216763729171,1,0.907798928005627,0,0
66,3,1.28690714182841,0,0.0367617942371811,1,0.420216763729171,0,0.70924500417963
67,1,1.31520742337746,0,0.923364082857603,0,0,0,0
67,2,1.31520742337746,1,0.935527216047206,0,0.923364082857603,0,0
67,3,1.31520742337746,0,0.339886898813998,1,0.935527216047206,0,0.488398781274258
68,1,0.642065496519019,1,0.55313602308546,0,0,0,0
68,2,0.642065496519019,1,0.0713574336167892,1,0.55313602308546,0,0
68,3,0.642065496519019,0,-0.262302864024409,1,0.0713574336167892,0,0.234517851379581
69,1,-0.708998700004929,0,-0.189949285002711,0,0,0,0
69,2,-0.708998700004929,0,-0.159568296702667,0,-0.189949285002711,0,0
69,3,-0.708998700004929,1,-0.148899417088286,0,-0.159568296702667,0,-0.472236102298878
70,1,0.342770305000378,1,0.388523667750208,0,0,0,0
70,2,0.342770305000378,1,-0.0905612649947956,1,0.388523667750208,0,0
70,3,0.342770305000378,0,-0.401109987946925,1,-0.0905612649947956,0,-0.680627584256224
71,1,-1.33759725206269,1,-0.535678488634481,0,0,0,0
71,2,-1.33759725206269,1,-0.999640113365916,1,-0.535678488634481,0,0
71,3,-1.33759725206269,1,-1.18043085356164,1,-0.999640113365916,0,-1.44985507057635
72,1,-0.296069864615836,0,0.0371615744612904,0,0,0,0
72,2,-0.296069864615836,1,0.063826203242833,0,0.0371615744612904,0,0
72,3,-0.296069864615836,0,-0.407391281811532,1,0.063826203242833,1,0.151231227987727
73,1,-0.00377892950443431,1,0.197921588772561,0,0,0,0
73,2,-0.00377892950443431,0,-0.278044400861899,1,0.197921588772561,0,0
73,3,-0.00377892950443431,1,-0.111832591925567,0,-0.278044400861899,0,1.07491671940241
74,1,0.331237254506757,0,0.382180489978716,0,0,0,0
74,2,0.331237254506757,0,0.403199354688156,0,0.382180489978716,0,0
74,3,0.331237254506757,1,0.333541213895144,0,0.403199354688156,1,1.45522856963452
75,1,0.138151777041909,1,0.27598347737305,0,0,0,0
75,2,0.138151777041909,0,-0.201259888620327,1,0.27598347737305,0,0
75,3,0.138151777041909,0,-0.0460079688435035,0,-0.201259888620327,0,0.277481628621961
76,1,0.548067470482768,0,0.501437108765522,0,0,0,0
76,2,0.548067470482768,1,0.520504501531177,0,0.501437108765522,0,0
76,3,0.548067470482768,0,-0.015897268539502,1,0.520504501531177,0,0.64129202191623
77,1,-0.0326514475933898,0,0.182041703823636,0,0,0,0
77,2,-0.0326514475933898,1,0.206335566851976,0,0.182041703823636,0,0
77,3,-0.0326514475933898,1,-0.285223088364862,1,0.206335566851976,0,0.35217907350577
78,1,0.994503057473406,1,0.746976681610374,0,0,0,0
78,2,0.994503057473406,0,0.262026154093113,1,0.746976681610374,0,0
78,3,0.994503057473406,1,0.351150627995016,0,0.262026154093113,0,0.954443538464648
79,1,-0.621040902240599,1,-0.141572496232329,0,0,0,0
79,2,-0.621040902240599,1,-0.611983128112164,1,-0.141572496232329,0,0
79,3,-0.621040902240599,0,-0.848106349641145,1,-0.611983128112164,0,-0.916684678228903
80,1,-0.304767696306742,1,0.0323777670312921,0,0,0,0
80,2,-0.304767696306742,0,-0.440879323701947,1,0.0323777670312921,0,0
80,3,-0.304767696306742,0,-0.251425162193141,0,-0.440879323701947,0,0.580113335023853
81,1,-0.169347064231203,1,0.106859114672838,0,0,0,0
81,2,-0.169347064231203,0,-0.367616761749081,1,0.106859114672838,0,0
81,3,-0.169347064231203,1,-0.188619781449147,0,-0.367616761749081,0,0.223697922342778
82,1,0.915904284006674,1,0.703747356203671,0,0,0,0
82,2,0.915904284006674,1,0.219504217647611,1,0.703747356203671,0,0
82,3,0.915904284006674,1,-0.135301911163385,1,0.219504217647611,0,0.321434184870998
83,1,0.101369613585171,0,0.255753287471844,0,0,0,0
83,2,0.101369613585171,0,0.278840960949577,0,0.255753287471844,0,0
83,3,0.101369613585171,1,0.226933199388531,0,0.278840960949577,0,0.814589919302669
84,1,-0.18171456358951,0,0.10005699002577,0,0,0,0
84,2,-0.18171456358951,0,0.125692421098075,0,0.10005699002577,0,0
84,3,-0.18171456358951,1,0.0956444196984571,0,0.125692421098075,0,0.315132806210443
85,1,-1.43594173309546,1,-0.589767953202506,0,0,0,0
85,2,-1.43594173309546,0,-1.05284447760465,1,-0.589767953202506,0,0
85,3,-1.43594173309546,0,-0.776041056975015,0,-1.05284447760465,0,-1.18715538370656
86,1,-1.51956153198513,0,-0.635758842591823,0,0,0,0
86,2,-1.51956153198513,1,-0.598082788803957,0,-0.635758842591823,0,0
86,3,-1.51956153198513,0,-0.974822247304065,1,-0.598082788803957,0,-1.24948846426106
87,1,-0.510443662089448,1,-0.0807440141491964,0,0,0,0
87,2,-0.510443662089448,1,-0.552150021190391,1,-0.0807440141491964,0,0
87,3,-0.510443662089448,0,-0.796813561603844,1,-0.552150021190391,1,-0.182160990253913
88,1,-0.423702910326055,0,-0.0330366006793303,0,0,0,0
88,2,-0.423702910326055,0,-0.00522327448639584,0,-0.0330366006793303,0,0
88,3,-0.423702910326055,1,-0.0165849357510179,0,-0.00522327448639584,0,0.745922021394981
89,1,0.181146528766371,1,0.299630590821504,0,0,0,0
89,2,0.181146528766371,0,-0.177999727937393,1,0.299630590821504,0,0
89,3,0.181146528766371,0,-0.0260678628887325,0,-0.177999727937393,1,-0.0549805253674098
90,1,0.717953920523993,0,0.594874656288196,0,0,0,0
90,2,0.717953920523993,0,0.61241307100348,0,0.594874656288196,0,0
90,3,0.717953920523993,0,0.512892669260617,0,0.61241307100348,1,1.37102316198706
91,1,-0.471864702967065,1,-0.0595255866318856,0,0,0,0
91,2,-0.471864702967065,0,-0.531278804305182,1,-0.0595255866318856,0,0
91,3,-0.471864702967065,0,-0.328921411942065,0,-0.531278804305182,0,-0.134972552900849
92,1,1.61155826615883,1,1.08635704638735,0,0,0,0
92,2,1.61155826615883,1,0.595853021991925,1,1.08635704638735,0,0
92,3,1.61155826615883,1,0.18732849267914,1,0.595853021991925,0,0.0722562651147619
93,1,0.128305348171883,0,0.270567941494535,0,0,0,0
93,2,0.128305348171883,0,0.293413193360988,0,0.270567941494535,0,0
93,3,0.128305348171883,0,0.239425454375156,0,0.293413193360988,0,0.518458534286785
94,1,0.350325543862843,1,0.392679049124564,0,0,0,0
94,2,0.350325543862843,0,-0.0864738807702018,1,0.392679049124564,0,0
94,3,0.350325543862843,0,0.0523939807327094,0,-0.0864738807702018,0,0.929813284880004
95,1,1.39780356747005,0,0.96879196210853,0,0,0,0
95,2,1.39780356747005,1,0.9802117300013,0,0.96879196210853,0,0
95,3,1.39780356747005,1,0.378193338521262,1,0.9802117300013,0,1.02645003247057
96,1,-0.72077826635473,1,-0.196428046495102,0,0,0,0
96,2,-0.72077826635473,0,-0.665941042097909,1,-0.196428046495102,0,0
96,3,-0.72077826635473,0,-0.444362544369997,0,-0.665941042097909,0,-0.428564717554014
97,1,-1.46327380103688,0,-0.604800590570282,0,0,0,0
97,2,-1.46327380103688,0,-0.56763112636095,0,-0.604800590570282,0,0
97,3,-1.46327380103688,0,-0.498717123444883,0,-0.56763112636095,0,-0.618430721645063
98,1,-1.23744670998579,0,-0.480595690492186,0,0,0,0
98,2,-1.23744670998579,0,-0.445458670102314,0,-0.480595690492186,0,0
98,3,-1.23744670998579,1,-0.393983035157211,0,-0.445458670102314,0,-0.103461257746231
99,1,-0.849712622663488,0,-0.267341942464919,0,0,0,0
99,2,-0.849712622663488,1,-0.235694528860947,0,-0.267341942464919,0,0
99,3,-0.849712622663488,0,-0.664159720138873,1,-0.235694528860947,0,-1.15472684334856
100,1,-1.20294403862454,1,-0.461619221243496,0,0,0,0
100,2,-1.20294403862454,1,-0.926792724895875,1,-0.461619221243496,0,0
100,3,-1.20294403862454,0,-1.11798138623329,1,-0.926792724895875,0,-1.2178403222525
101,1,0.5869332271273,0,0.522813274920015,0,0,0,0
101,2,0.5869332271273,0,0.54153087587587,0,0.522813274920015,0,0
101,3,0.5869332271273,0,0.452127892077099,0,0.54153087587587,0,0.755341228390451
102,1,1.4242434627288,1,0.983333904500838,0,0,0,0
102,2,1.4242434627288,0,0.494515713336279,1,0.983333904500838,0,0
102,3,1.4242434627288,0,0.550455633144362,0,0.494515713336279,0,0.62791456682035
103,1,-1.11735128762348,1,-0.414543208192912,0,0,0,0
103,2,-1.11735128762348,1,-0.8804870466043,1,-0.414543208192912,0,0
103,3,-1.11735128762348,0,-1.07828518017402,1,-0.8804870466043,0,-1.32492017721843
104,1,-0.891355836297493,0,-0.290245709963621,0,0,0,0
104,2,-0.891355836297493,1,-0.258223507436944,0,-0.290245709963621,0,0
104,3,-0.891355836297493,0,-0.683473009758051,1,-0.258223507436944,0,-0.934609264284555
105,1,0.86459862827032,1,0.675529245548676,0,0,0,0
105,2,0.86459862827032,1,0.191747857894243,1,0.675529245548676,0,0
105,3,0.86459862827032,0,-0.159096448180791,1,0.191747857894243,1,-0.0683519869819824
106,1,-0.719992763463981,1,-0.195996019905189,0,0,0,0
106,2,-0.719992763463981,1,-0.665516085034013,1,-0.195996019905189,0,0
106,3,-0.719992763463981,1,-0.893998243839325,1,-0.665516085034013,0,-1.43984995850462
107,1,-0.898501636960344,0,-0.294175900328189,0,0,0,0
107,2,-0.898501636960344,1,-0.262089385595546,0,-0.294175900328189,0,0
107,3,-0.898501636960344,0,-0.686787089189469,1,-0.262089385595546,0,-0.108771908174749
108,1,-0.72641587609617,0,-0.199528731852894,0,0,0,0
108,2,-0.72641587609617,1,-0.168990988968028,0,-0.199528731852894,0,0
108,3,-0.72641587609617,1,-0.606977155015882,1,-0.168990988968028,0,0.224431613596748
109,1,2.18103851030519,1,1.39957118066785,0,0,0,0
109,2,2.18103851030519,1,0.903941834075106,1,1.39957118066785,0,0
109,3,2.18103851030519,1,0.451442040309339,1,0.903941834075106,0,0.915363450176348
110,1,-0.376586211393381,0,-0.0071224162663594,0,0,0,0
110,2,-0.376586211393381,0,0.020266859636181,0,-0.0071224162663594,0,0
110,3,-0.376586211393381,1,0.00526684687997789,0,0.020266859636181,0,0.333179800889089
111,1,-2.6668092901093,0,-1.26674510956012,0,0,0,0
111,2,-2.6668092901093,0,-1.21874382594913,0,-1.26674510956012,0,0
111,3,-2.6668092901093,0,-1.05689281256689,0,-1.21874382594913,0,-1.13277438908032
112,1,0.516373947677866,1,0.484005671222827,0,0,0,0
112,2,0.516373947677866,1,0.00335830569372567,1,0.484005671222827,0,0
112,3,0.516373947677866,0,-0.320596090545959,1,0.00335830569372567,0,-0.087690627699233
113,1,2.24044833986832,1,1.43224658692758,0,0,0,0
113,2,2.24044833986832,1,0.936082551868763,1,1.43224658692758,0,0
113,3,2.24044833986832,1,0.478995131064131,1,0.936082551868763,0,0.839358440828443
114,1,-2.04363827149184,0,-0.92400104932051,0,0,0,0
114,2,-2.04363827149184,0,-0.881608304877084,0,-0.92400104932051,0,0
114,3,-2.04363827149184,0,-0.767878557552484,0,-0.881608304877084,0,0.379663966607914
115,1,0.0404544843692155,0,0.222249966403069,0,0,0,0
115,2,0.0404544843692155,1,0.245885876043746,0,0.222249966403069,0,0
115,3,0.0404544843692155,1,-0.251318019239245,1,0.245885876043746,0,0.446737802159418
116,1,-0.0923942430149517,0,0.149183166341777,0,0,0,0
116,2,-0.0923942430149517,0,0.174014714528911,0,0.149183166341777,0,0
116,3,-0.0923942430149517,0,0.137069397974526,0,0.174014714528911,0,0.595364228072962
117,1,-0.212992046858103,0,0.0828543742280434,0,0,0,0
117,2,-0.212992046858103,1,0.108771302649766,0,0.0828543742280434,0,0
117,3,-0.212992046858103,0,-0.368861451491851,1,0.108771302649766,0,0.306689981026828
118,1,-0.665901042052734,0,-0.166245573129004,0,0,0,0
118,2,-0.665901042052734,1,-0.136252463750529,0,-0.166245573129004,0,0
118,3,-0.665901042052734,0,-0.578911585283217,1,-0.136252463750529,0,-0.00117280804613107
119,1,0.266760951714601,1,0.346718523443031,0,0,0,0
119,2,0.266760951714601,1,-0.131682325122401,1,0.346718523443031,0,0
119,3,0.266760951714601,1,-0.436361605813802,1,-0.131682325122401,0,-1.2178421179699
120,1,1.17463234577198,1,0.846047790174591,0,0,0,0
120,2,1.17463234577198,0,0.359476099062643,1,0.846047790174591,0,0
120,3,1.17463234577198,0,0.434690989322131,0,0.359476099062643,0,-0.380572137011396
121,1,0.0677102877471596,1,0.237240658260938,0,0,0,0
121,2,0.0677102877471596,0,-0.239368734328787,1,0.237240658260938,0,0
121,3,0.0677102877471596,1,-0.0786773227486223,0,-0.239368734328787,1,0.647353562419265
122,1,0.458516098984361,0,0.452183854441398,0,0,0,0
122,2,0.458516098984361,1,0.472057209550539,0,0.452183854441398,0,0
122,3,0.458516098984361,0,-0.0574294036130331,1,0.472057209550539,0,-0.131996657218996
123,1,0.318087918772078,0,0.374948355324643,0,0,0,0
123,2,0.318087918772078,1,0.396085564055695,0,0.374948355324643,0,0
123,3,0.318087918772078,1,-0.122557185031885,1,0.396085564055695,0,0.742030621444122
124,1,-0.706346744538545,0,-0.1884907094962,0,0,0,0
124,2,-0.706346744538545,0,-0.158133588795353,0,-0.1884907094962,0,0
124,3,-0.706346744538545,1,-0.147669493182086,0,-0.158133588795353,0,0.820135153227814
125,1,0.164705321222772,1,0.290587926672525,0,0,0,0
125,2,0.164705321222772,0,-0.18689442121848,1,0.290587926672525,0,0
125,3,0.164705321222772,0,-0.0336929661233027,0,-0.18689442121848,0,0.476788218347158
126,1,0.113965839721553,1,0.262681211846854,0,0,0,0
126,2,0.113965839721553,1,-0.21434448071064,1,0.262681211846854,0,0
126,3,0.113965839721553,0,-0.507224922853938,1,-0.21434448071064,0,-0.136344796288835
127,1,-0.506078012613597,1,-0.0783429069374783,0,0,0,0
127,2,-0.506078012613597,0,-0.549788204823956,1,-0.0783429069374783,0,0
127,3,-0.506078012613597,1,-0.344788860689934,0,-0.549788204823956,0,-0.15342597353932
128,1,-1.99451013779834,0,-0.896980575789089,0,0,0,0
128,2,-1.99451013779834,1,-0.855029984548904,0,-0.896980575789089,0,0
128,3,-1.99451013779834,1,-1.19509391170812,1,-0.855029984548904,0,-1.81074374089967
129,1,0.717985246371188,0,0.594891885504153,0,0,0,0
129,2,0.717985246371188,1,0.612430018286813,0,0.594891885504153,0,0
129,3,0.717985246371188,0,0.0629071975620295,1,0.612430018286813,0,0.294810994652743
130,1,-0.346740363267069,0,0.00929280020311229,0,0,0,0
130,2,-0.346740363267069,0,0.0364134634725159,0,0.00929280020311229,0,0
130,3,-0.346740363267069,0,0.019108754323999,0,0.0364134634725159,0,0.41280066533286
131,1,0.805958359530429,0,0.643277097741736,0,0,0,0
131,2,0.805958359530429,1,0.660023472505962,0,0.643277097741736,0,0
131,3,0.805958359530429,0,0.103707367983022,1,0.660023472505962,1,-0.0815790644880238
132,1,1.21021523466254,0,0.865618379064397,0,0,0,0
132,2,1.21021523466254,1,0.878726441952434,0,0.865618379064397,0,0
132,3,1.21021523466254,0,0.291193621531793,1,0.878726441952434,0,0.888651178074657
133,1,0.332511099756531,0,0.382881104866092,0,0,0,0
133,2,0.332511099756531,1,0.403888504968283,0,0.382881104866092,0,0
133,3,0.332511099756531,0,-0.115868002154916,1,0.403888504968283,1,-1.13882433538385
134,1,1.2081103589619,1,0.864460697429046,0,0,0,0
134,2,1.2081103589619,1,0.377587704198389,1,0.864460697429046,0,0
134,3,1.2081103589619,0,0.000217422279350704,1,0.377587704198389,0,0.134840338183435
135,1,-0.586913644832481,0,-0.122802504657865,0,0,0,0
135,2,-0.586913644832481,0,-0.0935202818543725,0,-0.122802504657865,0,0
135,3,-0.586913644832481,1,-0.0922788102004082,0,-0.0935202818543725,0,-0.566550903826618
136,1,0.220333492075423,1,0.321183420641483,0,0,0,0
136,2,0.220333492075423,0,-0.156799580787196,1,0.321183420641483,0,0
136,3,0.220333492075423,0,-0.00789373304526041,0,-0.156799580787196,1,0.0654664991247479
137,1,0.195949721093037,1,0.30777234660117,0,0,0,0
137,2,0.195949721093037,1,-0.169991200888667,1,0.30777234660117,0,0
137,3,0.195949721093037,0,-0.469202438351471,1,-0.169991200888667,0,-0.94717157012643
138,1,-1.55052184679709,0,-0.652787015738399,0,0,0,0
138,2,-1.55052184679709,0,-0.614832319117225,0,-0.652787015738399,0,0
138,3,-1.55052184679709,0,-0.539181022107553,0,-0.614832319117225,0,0.179341796831224
139,1,1.06538064239355,0,0.785959353316451,0,0,0,0
139,2,1.06538064239355,0,0.800370927534909,0,0.785959353316451,0,0
139,3,1.06538064239355,0,0.674022234329279,0,0.800370927534909,1,1.52741799385278
140,1,-0.757663363767658,0,-0.216714850072212,0,0,0,0
140,2,-0.757663363767658,0,-0.185895879798303,0,-0.216714850072212,0,0
140,3,-0.757663363767658,0,-0.171469114848165,0,-0.185895879798303,0,-0.581287520319146
141,1,0.996167260799139,1,0.747891993439527,0,0,0,0
141,2,0.996167260799139,1,0.262926488092334,1,0.747891993439527,0,0
141,3,0.996167260799139,0,-0.0980775477865753,1,0.262926488092334,0,0.351935051602153
142,1,-1.2340773794127,0,-0.478742558676984,0,0,0,0
142,2,-1.2340773794127,0,-0.443635862262269,0,-0.478742558676984,0,0
142,3,-1.2340773794127,1,-0.392420407024021,0,-0.443635862262269,0,-0.802173386181375
143,1,0.156091655156926,1,0.285850410336309,0,0,0,0
143,2,0.156091655156926,1,-0.191554414560103,1,0.285850410336309,0,0
143,3,0.156091655156926,0,-0.487687812171321,1,-0.191554414560103,0,-0.47255759614406
144,1,0.520182074477055,1,0.48610014096238,0,0,0,0
144,2,0.520182074477055,1,0.00541850229208665,1,0.48610014096238,0,0
144,3,0.520182074477055,0,-0.318829957499032,1,0.00541850229208665,0,-0.277734414925841
145,1,-1.32839208895341,0,-0.530615648924378,0,0,0,0
145,2,-1.32839208895341,1,-0.494660120123797,0,-0.530615648924378,0,0
145,3,-1.32839208895341,1,-0.886161683014815,1,-0.494660120123797,1,-1.88296404820479
146,1,0.732131484132258,1,0.602672316272742,0,0,0,0
146,2,0.732131484132258,0,0.120083132915551,1,0.602672316272742,0,0
146,3,0.732131484132258,1,0.229467939710859,0,0.120083132915551,1,1.58074968791983
147,1,1.25986350937606,1,0.892924930156832,0,0,0,0
147,2,1.25986350937606,1,0.405586158572448,1,0.892924930156832,0,0
147,3,1.25986350937606,1,0.0242194983784286,1,0.405586158572448,1,0.592731294758056
148,1,-1.01741714647955,1,-0.359579430563753,0,0,0,0
148,2,-1.01741714647955,1,-0.826422676245438,1,-0.359579430563753,0,0
148,3,-1.01741714647955,0,-1.03193772419429,1,-0.826422676245438,0,0.206901336828761
149,1,-0.388841422257476,0,-0.013862782241612,0,0,0,0
149,2,-0.388841422257476,1,0.0136367905587053,0,-0.013862782241612,0,0
149,3,-0.388841422257476,1,-0.450416874814572,1,0.0136367905587053,0,0.0748587597252715
150,1,-1.34839762534474,1,-0.54161869393961,0,0,0,0
150,2,-1.34839762534474,0,-1.00548311531151,1,-0.54161869393961,0,0
150,3,-1.34839762534474,1,-0.735439850682386,0,-1.00548311531151,0,0.0446732799022765
151,1,-0.934498999876769,0,-0.313974449932223,0,0,0,0
151,2,-0.934498999876769,0,-0.281563958933332,0,-0.313974449932223,0,0
151,3,-0.934498999876769,0,-0.253481946162848,0,-0.281563958933332,0,-0.458388421009843
152,1,0.712175457631318,0,0.591696501697225,0,0,0,0
152,2,0.712175457631318,1,0.609286922578543,0,0.591696501697225,0,0
152,3,0.712175457631318,1,0.0602127337402525,1,0.609286922578543,1,1.09658412354048
153,1,2.07947108952728,1,1.34370909924,0,0,0,0
153,2,2.07947108952728,1,0.848993859434256,1,1.34370909924,0,0
153,3,2.07947108952728,0,0.40433710190096,1,0.848993859434256,0,1.62544448800941
154,1,-1.8645296277294,1,-0.825491295251168,0,0,0,0
154,2,-1.8645296277294,0,-1.2847105286016,1,-0.825491295251168,0,0
154,3,-1.8645296277294,1,-0.97481155074834,0,-1.2847105286016,0,-1.4407672098808
155,1,-1.08781021671131,0,-0.398295619191223,0,0,0,0
155,2,-1.08781021671131,1,-0.364505327240821,0,-0.398295619191223,0,0
155,3,-1.08781021671131,0,-0.774584622306374,1,-0.364505327240821,0,0.117358424183836
156,1,-0.262416346381417,1,0.0556710094902208,0,0,0,0
156,2,-0.262416346381417,0,-0.417967243392346,1,0.0556710094902208,0,0
156,3,-0.262416346381417,0,-0.231783453124773,0,-0.417967243392346,0,0.0524299268210613
157,1,-0.140882696525665,1,0.122514516910884,0,0,0,0
157,2,-0.140882696525665,0,-0.352217538820385,1,0.122514516910884,0,0
157,3,-0.140882696525665,0,-0.175418576994673,0,-0.352217538820385,0,-0.342151889639056
158,1,1.01595316935341,1,0.758774243144376,0,0,0,0
158,2,1.01595316935341,0,0.273630664620195,1,0.758774243144376,0,0
158,3,1.01595316935341,1,0.361098760882725,0,0.273630664620195,1,1.04521926168725
159,1,1.21754561005739,1,0.869650085531562,0,0,0,0
159,2,1.21754561005739,0,0.382692175041046,1,0.869650085531562,0,0
159,3,1.21754561005739,1,0.454593303032414,0,0.382692175041046,0,0.934916396509352
160,1,-1.30322304157428,0,-0.516772672865853,0,0,0,0
160,2,-1.30322304157428,0,-0.481043665491685,0,-0.516772672865853,0,0
160,3,-1.30322304157428,0,-0.424488782221319,0,-0.481043665491685,0,-0.351306732431248
161,1,-2.45527360554753,0,-1.15040048305114,0,0,0,0
161,2,-2.45527360554753,0,-1.10430302060121,0,-1.15040048305114,0,0
161,3,-2.45527360554753,0,-0.958786792780833,0,-1.10430302060121,0,-0.710894617852302
162,1,-1.08737816380256,0,-0.39805799009141,0,0,0,0
162,2,-1.08737816380256,0,-0.364271586617187,0,-0.39805799009141,0,0
162,3,-1.08737816380256,0,-0.324384244808353,0,-0.364271586617187,1,-0.437534416108693
163,1,0.128485541373287,0,0.270667047755308,0,0,0,0
163,2,0.128485541373287,0,0.293510677882948,0,0.270667047755308,0,0
163,3,0.128485541373287,0,0.239509024378103,0,0.293510677882948,1,1.72518187026433
164,1,0.150325433078809,1,0.282678988193345,0,0,0,0
164,2,0.150325433078809,0,-0.194673940704364,1,0.282678988193345,0,0
164,3,0.150325433078809,1,-0.04036207064671,0,-0.194673940704364,1,0.937162539491384
165,1,-1.00110362798652,0,-0.350606995392588,0,0,0,0
165,2,-1.00110362798652,1,-0.31759706274071,0,-0.350606995392588,0,0
165,3,-1.00110362798652,0,-0.73437184058759,1,-0.31759706274071,0,-0.666484562085588
166,1,-1.6611713473159,0,-0.713644241023746,0,0,0,0
166,2,-1.6611713473159,1,-0.674693698897903,0,-0.713644241023746,0,0
166,3,-1.6611713473159,0,-1.04049804745817,1,-0.674693698897903,0,-1.19299659411424
167,1,1.86224145635918,1,1.22423280099755,0,0,0,0
167,2,1.86224145635918,1,0.731472627890314,1,1.22423280099755,0,0
167,3,1.86224145635918,1,0.303590342630258,1,0.731472627890314,0,0.561466647452237
168,1,-0.0681787506996126,1,0.162501687115213,0,0,0,0
168,2,-0.0681787506996126,1,-0.31288470412849,1,0.162501687115213,0,0
168,3,-0.0681787506996126,1,-0.591699940999466,1,-0.31288470412849,0,-0.489727765752108
169,1,0.18681522724007,1,0.302748374982038,0,0,0,0
169,2,0.18681522724007,0,-0.174932962063122,1,0.302748374982038,0,0
169,3,0.18681522724007,0,-0.0234388339106005,0,-0.174932962063122,1,0.982615497020978
170,1,0.13804423722263,1,0.275924330472446,0,0,0,0
170,2,0.13804423722263,0,-0.201318067662557,1,0.275924330472446,0,0
170,3,0.13804423722263,1,-0.0460578436608888,0,-0.201318067662557,0,0.51482184076675
171,1,0.650446364116743,0,0.557745500264209,0,0,0,0
171,2,0.650446364116743,0,0.575891482987158,0,0.557745500264209,0,0
171,3,0.650446364116743,1,0.481584014750063,0,0.575891482987158,0,1.67247816086301
172,1,1.42336555704363,1,0.982851056373997,0,0,0,0
172,2,1.42336555704363,0,0.494040766360604,1,0.982851056373997,0,0
172,3,1.42336555704363,0,0.550048478045695,0,0.494040766360604,0,1.40081435520765
173,1,-0.568667154135778,0,-0.112766934774678,0,0,0,0
173,2,-0.568667154135778,0,-0.0836489303874561,0,-0.112766934774678,0,0
173,3,-0.568667154135778,0,-0.0838164527450913,0,-0.0836489303874561,1,-0.389784588277859
174,1,-0.320344077401887,0,0.0238107574289621,0,0,0,0
174,2,-0.320344077401887,1,0.0506938541255791,0,0.0238107574289621,0,0
174,3,-0.320344077401887,1,-0.418649176217447,1,0.0506938541255791,0,-0.0112929596115687
175,1,1.07181592244483,0,0.789498757344654,0,0,0,0
175,2,1.07181592244483,1,0.803852414042651,0,0.789498757344654,0,0
175,3,1.07181592244483,0,0.227006788511461,1,0.803852414042651,0,1.37665600948179
176,1,0.16482714173247,1,0.290654927952859,0,0,0,0
176,2,0.16482714173247,1,-0.186828516322734,1,0.290654927952859,0,0
176,3,0.16482714173247,0,-0.483636468207315,1,-0.186828516322734,0,-1.22138951556837
177,1,-2.51618446193928,1,-1.1839014540666,0,0,0,0
177,2,-2.51618446193928,0,-1.63725579390915,1,-1.1839014540666,0,0
177,3,-2.51618446193928,1,-1.2770360297582,0,-1.63725579390915,0,-1.97058813573746
178,1,0.459584019901263,0,0.452771210945695,0,0,0,0
178,2,0.459584019901263,1,0.472634954766583,0,0.452771210945695,0,0
178,3,0.459584019901263,0,-0.0569341232501924,1,0.472634954766583,0,-0.0766859788577414
179,1,-1.27220385246516,0,-0.49971211885584,0,0,0,0
179,2,-1.27220385246516,0,-0.464262284183654,0,-0.49971211885584,0,0
179,3,-1.27220385246516,0,-0.410102702696294,0,-0.464262284183654,0,0.0313516702989112
180,1,-0.529523645227485,1,-0.0912380048751166,0,0,0,0
180,2,-0.529523645227485,1,-0.562472292068069,1,-0.0912380048751166,0,0
180,3,-0.529523645227485,0,-0.805662476183603,1,-0.562472292068069,1,-0.499262088280876
181,1,-1.41056276193124,0,-0.575809519062184,0,0,0,0
181,2,-1.41056276193124,0,-0.539114454204803,0,-0.575809519062184,0,0
181,3,-1.41056276193124,0,-0.474270797728472,0,-0.539114454204803,0,-0.443018416374151
182,1,-0.434002287551694,0,-0.0387012581534319,0,0,0,0
182,2,-0.434002287551694,0,-0.0107952375654666,0,-0.0387012581534319,0,0
182,3,-0.434002287551694,1,-0.0213615809207248,0,-0.0107952375654666,0,0.408536601467456
183,1,-0.166315902075953,1,0.108526253858226,0,0,0,0
183,2,-0.166315902075953,1,-0.36597690302309,1,0.108526253858226,0,0
183,3,-0.166315902075953,1,-0.637213989064785,1,-0.36597690302309,0,-0.577444447067428
184,1,-1.39957821298122,1,-0.569768017139669,0,0,0,0
184,2,-1.39957821298122,0,-1.03317181322284,1,-0.569768017139669,0,0
184,3,-1.39957821298122,0,-0.759176383616428,0,-1.03317181322284,0,-0.675169240287492
185,1,-1.48120207753317,0,-0.614661142643245,0,0,0,0
185,2,-1.48120207753317,1,-0.577330323945447,0,-0.614661142643245,0,0
185,3,-1.48120207753317,0,-0.957031899518335,1,-0.577330323945447,0,-1.02061920245562
186,1,-0.90010951927471,1,-0.295060235601091,0,0,0,0
186,2,-0.90010951927471,1,-0.762959249927618,1,-0.295060235601091,0,0
186,3,-0.90010951927471,0,-0.977532792849225,1,-0.762959249927618,0,-0.221786598675168
187,1,-1.41264169897,0,-0.576952934433498,0,0,0,0
187,2,-1.41264169897,0,-0.540239159142768,0,-0.576952934433498,0,0
187,3,-1.41264169897,0,-0.475234967148305,0,-0.540239159142768,0,-0.135901430224533
188,1,-0.0302281286916557,0,0.183374529219589,0,0,0,0
188,2,-0.0302281286916557,1,0.207646582377814,0,0.183374529219589,0,0
188,3,-0.0302281286916557,1,-0.284099201524616,1,0.207646582377814,0,-0.139373365410514
189,1,-1.48371314645412,0,-0.616042230549766,0,0,0,0
189,2,-1.48371314645412,1,-0.578688812231679,0,-0.616042230549766,0,0
189,3,-1.48371314645412,0,-0.958196483062492,1,-0.578688812231679,0,-1.26091760590072
190,1,-0.73690939553838,1,-0.205300167546109,0,0,0,0
190,2,-0.73690939553838,1,-0.674667982986263,1,-0.205300167546109,0,0
190,3,-0.73690939553838,0,-0.90184383946279,1,-0.674667982986263,0,-1.37961686257544
191,1,0.227191211173847,1,0.324955166145616,0,0,0,0
191,2,0.227191211173847,0,-0.153089554754949,1,0.324955166145616,0,0
191,3,0.227191211173847,1,-0.00471326008179301,0,-0.153089554754949,0,0.276644712748003
192,1,-0.738629892401819,1,-0.206246440821,0,0,0,0
192,2,-0.738629892401819,1,-0.675598771789384,1,-0.206246440821,0,0
192,3,-0.738629892401819,0,-0.902641771498116,1,-0.675598771789384,0,-1.64246288068341
193,1,0.413373281169669,1,0.427355304643318,0,0,0,0
193,2,0.413373281169669,0,-0.0523650548872092,1,0.427355304643318,0,0
193,3,0.413373281169669,1,0.081634260340869,0,-0.0523650548872092,1,0.510845207447527
194,1,-1.33119615094938,0,-0.532157883022157,0,0,0,0
194,2,-1.33119615094938,0,-0.496177117663613,0,-0.532157883022157,0,0
194,3,-1.33119615094938,1,-0.437462150887302,0,-0.496177117663613,0,0.463499988979512
195,1,-0.875721900737183,0,-0.281647045405451,0,0,0,0
195,2,-0.875721900737183,0,-0.249765548298816,0,-0.281647045405451,0,0
195,3,-0.875721900737183,1,-0.226222303123891,0,-0.249765548298816,0,-0.00180543508335819
196,1,1.53215835098364,1,1.042687093041,0,0,0,0
196,2,1.53215835098364,1,0.55289766788215,1,1.042687093041,0,0
196,3,1.53215835098364,0,0.150504400019193,1,0.55289766788215,0,0.517358138462734
197,1,0.322635841544945,0,0.37744971284972,0,0,0,0
197,2,0.322635841544945,0,0.398545990275815,0,0.37744971284972,0,0
197,3,0.322635841544945,1,0.329552050591714,0,0.398545990275815,0,0.740841642764143
198,1,-0.180698145490719,1,0.100616019980105,0,0,0,0
198,2,-0.180698145490719,1,-0.373757696710479,1,0.100616019980105,0,0
198,3,-0.180698145490719,0,-0.643884185915685,1,-0.373757696710479,0,-1.02062183375514
199,1,0.363697000664678,1,0.400033350365573,0,0,0,0
199,2,0.363697000664678,0,-0.079239922640409,1,0.400033350365573,0,0
199,3,0.363697000664678,1,0.0585953949682645,0,-0.079239922640409,0,0.0396557860859521
200,1,0.455382408716603,1,0.450460324794132,0,0,0,0
200,2,0.455382408716603,1,-0.0296381168843177,1,0.450460324794132,0,0
200,3,0.455382408716603,1,-0.348882746485414,1,-0.0296381168843177,1,0.54718459161156
201,1,0.150769549035519,1,0.282923251969535,0,0,0,0
201,2,0.150769549035519,0,-0.194433673971784,1,0.282923251969535,0,0
201,3,0.150769549035519,0,-0.0401560985483071,0,-0.194433673971784,1,0.0152024570003766
202,1,1.04158328100137,1,0.772870804550752,0,0,0,0
202,2,1.04158328100137,1,0.28749655502174,1,0.772870804550752,0,0
202,3,1.04158328100137,0,-0.0770145059371856,1,0.28749655502174,0,-0.208184759137632
203,1,-0.542544225031042,0,-0.0983993237670729,0,0,0,0
203,2,-0.542544225031042,1,-0.0695164257417935,0,-0.0983993237670729,0,0
203,3,-0.542544225031042,0,-0.521701160684896,1,-0.0695164257417935,0,0.617658731633232
204,1,-1.85262299724216,0,-0.818942648483186,0,0,0,0
204,2,-1.85262299724216,0,-0.778269041508007,0,-0.818942648483186,0,0
204,3,-1.85262299724216,1,-0.679289493660967,0,-0.778269041508007,0,-0.527567709783074
205,1,-0.182218477579718,1,0.0997798373311553,0,0,0,0
205,2,-0.182218477579718,1,-0.374580196370627,1,0.0997798373311553,0,0
205,3,-0.182218477579718,0,-0.644589285531921,1,-0.374580196370627,0,0.123511773019389
206,1,-1.18902149167999,0,-0.453961820423993,0,0,0,0
206,2,-1.18902149167999,0,-0.419260626998873,0,-0.453961820423993,0,0
206,3,-1.18902149167999,1,-0.371524387411344,0,-0.419260626998873,0,0.0915654684361306
207,1,1.11339416643727,0,0.8123667915405,0,0,0,0
207,2,1.11339416643727,0,0.826346244042565,0,0.8123667915405,0,0
207,3,1.11339416643727,0,0.696289946510278,0,0.826346244042565,1,1.70328517512882
208,1,-1.14462407105633,0,-0.429543239080981,0,0,0,0
208,2,-1.14462407105633,0,-0.395241622441474,0,-0.429543239080981,0,0
208,3,-1.14462407105633,0,-0.350933751674505,0,-0.395241622441474,0,-0.285542094877573
209,1,-0.247598252626722,1,0.0638209610553027,0,0,0,0
209,2,-0.247598252626722,0,-0.409950654671057,1,0.0638209610553027,0,0
209,3,-0.247598252626722,0,-0.224911117603221,0,-0.409950654671057,0,0.352554888857065
210,1,-2.41209243274557,0,-1.12665083801006,0,0,0,0
210,2,-2.41209243274557,0,-1.08094200611535,0,-1.12665083801006,0,0
210,3,-2.41209243274557,1,-0.93876022845874,0,-1.08094200611535,0,-1.74483870348674
211,1,-0.517297377075791,0,-0.0845135573916851,0,0,0,0
211,2,-0.517297377075791,0,-0.055857880998003,0,-0.0845135573916851,0,0
211,3,-0.517297377075791,0,-0.0599921775402104,0,-0.055857880998003,1,0.678687893034656
212,1,0.955538252685298,0,0.725546038976914,0,0,0,0
212,2,0.955538252685298,1,0.740946194702746,0,0.725546038976914,0,0
212,3,0.955538252685298,1,0.173079530830387,1,0.740946194702746,0,0.483336980282289
213,1,1.12867759891466,1,0.820772679403062,0,0,0,0
213,2,1.12867759891466,0,0.33461458101283,1,0.820772679403062,0,0
213,3,1.12867759891466,1,0.41337809682464,0,0.33461458101283,0,0.872092096032074
214,1,0.667662407103395,0,0.567214323906867,0,0,0,0
214,2,0.667662407103395,1,0.585205362242937,0,0.567214323906867,0,0
214,3,0.667662407103395,1,0.0395684711664124,1,0.585205362242937,0,0.179228427560491
215,1,0.92108634514851,1,0.706597489831681,0,0,0,0
215,2,0.92108634514851,0,0.222307712725344,1,0.706597489831681,0,0
215,3,0.92108634514851,1,0.317101425152976,0,0.222307712725344,0,0.588691086695903
216,1,-1.12971542384152,1,-0.421343483112835,0,0,0,0
216,2,-1.12971542384152,0,-0.887176044298261,1,-0.421343483112835,0,0
216,3,-1.12971542384152,0,-0.634019419269219,0,-0.887176044298261,0,-0.43780644285672
217,1,0.509001843785788,0,0.479951014082184,0,0,0,0
217,2,0.509001843785788,0,0.499369997488112,0,0.479951014082184,0,0
217,3,0.509001843785788,1,0.415984875110973,0,0.499369997488112,0,-0.0821948877430232
218,1,-1.05493802140164,1,-0.380215911770903,0,0,0,0
218,2,-1.05493802140164,1,-0.846721469578289,1,-0.380215911770903,0,0
218,3,-1.05493802140164,1,-1.04933915556565,1,-0.846721469578289,1,-1.28243315836151
219,1,0.521595368479984,0,0.486877452663991,0,0,0,0
219,2,0.521595368479984,1,0.506183094347672,0,0.486877452663991,0,0
219,3,0.521595368479984,0,-0.0281745000063528,1,0.506183094347672,0,0.338998199697141
220,1,0.438473674854216,1,0.441160521169819,0,0,0,0
220,2,0.438473674854216,1,-0.038785741903869,1,0.441160521169819,0,0
220,3,0.438473674854216,0,-0.356724679076112,1,-0.038785741903869,0,-0.252514464701258
221,1,0.622540299097188,1,0.542397164503454,0,0,0,0
221,2,0.622540299097188,0,0.0607943018115788,1,0.542397164503454,0,0
221,3,0.622540299097188,0,0.178641739915294,0,0.0607943018115788,0,0.645649591121105
222,1,-0.162722556620419,1,0.110502593858769,0,0,0,0
222,2,-0.162722556620419,1,-0.364032903131647,1,0.110502593858769,0,0
222,3,-0.162722556620419,0,-0.635547467309418,1,-0.364032903131647,0,-0.0262764166806362
223,1,-0.786337767074052,0,-0.232485771890729,0,0,0,0
223,2,-0.786337767074052,1,-0.201408731987062,0,-0.232485771890729,0,0
223,3,-0.786337767074052,0,-0.634767729613604,1,-0.201408731987062,0,-0.430942141877592
224,1,0.736123875743176,1,0.604868131658747,0,0,0,0
224,2,0.736123875743176,1,0.122243016777058,1,0.604868131658747,0,0
224,3,0.736123875743176,1,-0.21868046890783,1,0.122243016777058,0,-0.464059078310269
225,1,0.404646442837938,0,0.422555543560866,0,0,0,0
225,2,0.404646442837938,0,0.442913725575324,0,0.422555543560866,0,0
225,3,0.404646442837938,0,0.367586927259379,0,0.442913725575324,1,1.22669596783096
226,1,-0.763362305011644,1,-0.219849267756404,0,0,0,0
226,2,-0.763362305011644,1,-0.688979007011299,1,-0.219849267756404,0,0
226,3,-0.763362305011644,0,-0.9141121698183,1,-0.688979007011299,0,-0.324979062665425
227,1,0.578089705409627,1,0.517949337975295,0,0,0,0
227,2,0.578089705409627,1,0.0367465306266084,1,0.517949337975295,0,0
227,3,0.578089705409627,0,-0.291973556425123,1,0.0367465306266084,0,0.193613229178021
228,1,-1.02105642261108,0,-0.361581032436096,0,0,0,0
228,2,-1.02105642261108,0,-0.328391524632596,0,-0.361581032436096,0,0
228,3,-1.02105642261108,0,-0.293625547678568,0,-0.328391524632596,1,0.0925639073885166
229,1,0.913638021714044,1,0.702500911942725,0,0,0,0
229,2,0.913638021714044,1,0.218278169747298,1,0.702500911942725,0,0
229,3,0.913638021714044,0,-0.13635295828946,1,0.218278169747298,0,0.557339933083022
230,1,1.78729628895163,1,1.1830129589234,0,0,0,0
230,2,1.78729628895163,1,0.690927292322832,1,1.1830129589234,0,0
230,3,1.78729628895163,1,0.268832272889987,1,0.690927292322832,1,0.633218861077036
231,1,0.602381117840068,1,0.531309614812037,0,0,0,0
231,2,0.602381117840068,1,0.0498881847514767,1,0.531309614812037,0,0
231,3,0.602381117840068,1,-0.280707685168133,1,0.0498881847514767,0,0.0560863934622901
232,1,1.88490598622118,1,1.23669829242165,0,0,0,0
232,2,1.88490598622118,1,0.743734138545658,1,1.23669829242165,0,0
232,3,1.88490598622118,1,0.314101698289659,1,0.743734138545658,1,0.531039068988932
233,1,-0.465647269591733,1,-0.0561059982754534,0,0,0,0
233,2,-0.465647269591733,0,-0.527915172849128,1,-0.0561059982754534,0,0
233,3,-0.465647269591733,0,-0.326037890691254,0,-0.527915172849128,1,-0.543136852645134
234,1,-0.384973284334524,1,-0.0117353063839882,0,0,0,0
234,2,-0.384973284334524,0,-0.484270546824977,1,-0.0117353063839882,0,0
234,3,-0.384973284334524,0,-0.288622909808666,0,-0.484270546824977,0,-0.426450647683854
235,1,-0.845514888487765,0,-0.265033188668271,0,0,0,0
235,2,-0.845514888487765,0,-0.233423554671881,0,-0.265033188668271,0,0
235,3,-0.845514888487765,1,-0.212212894982856,0,-0.233423554671881,0,-0.623314097607381
236,1,-0.231250310208806,1,0.0728123293851564,0,0,0,0
236,2,-0.231250310208806,0,-0.401106417822964,1,0.0728123293851564,0,0
236,3,-0.231250310208806,0,-0.21732926886864,0,-0.401106417822964,0,-0.699379092300444
237,1,1.3691899466963,1,0.953054470682965,0,0,0,0
237,2,1.3691899466963,0,0.464731761162698,1,0.953054470682965,0,0
237,3,1.3691899466963,1,0.52492291347881,0,0.464731761162698,0,1.37784310300021
238,1,0.72174756837988,1,0.596961162608934,0,0,0,0
238,2,0.72174756837988,0,0.114465434493515,1,0.596961162608934,0,0
238,3,0.72174756837988,0,0.224652087263221,0,0.114465434493515,1,1.05196581836793
239,1,-1.0696916816518,1,-0.388330424908491,0,0,0,0
239,2,-1.0696916816518,0,-0.854703199773625,1,-0.388330424908491,0,0
239,3,-1.0696916816518,0,-0.606181608116473,0,-0.854703199773625,0,-1.08830202391026
240,1,-0.135357701594212,0,0.125553264123184,0,0,0,0
240,2,-0.135357701594212,1,0.150771483437532,0,0.125553264123184,0,0
240,3,-0.135357701594212,1,-0.332856194845363,1,0.150771483437532,0,0.631290622613421
241,1,-0.557384961805681,1,-0.106561728993124,0,0,0,0
241,2,-0.557384961805681,0,-0.577545264336873,1,-0.106561728993124,0,0
241,3,-0.557384961805681,0,-0.368583997586239,0,-0.577545264336873,0,0.0199774555394231
242,1,-1.19468126949121,0,-0.457074698220168,0,0,0,0
242,2,-1.19468126949121,1,-0.422322566794747,0,-0.457074698220168,0,0
242,3,-1.19468126949121,0,-0.824149279164635,1,-0.422322566794747,1,-0.457565514244037
243,1,-1.24031232643951,0,-0.48217177954173,0,0,0,0
243,2,-1.24031232643951,1,-0.447008968603774,0,-0.48217177954173,0,0
243,3,-1.24031232643951,0,-0.845312050756115,1,-0.447008968603774,0,-0.34932309717811
244,1,-0.344114009453,1,0.0107372948008501,0,0,0,0
244,2,-0.344114009453,0,-0.462165679114073,1,0.0107372948008501,0,0
244,3,-0.344114009453,0,-0.269673195304112,0,-0.462165679114073,0,-0.147203166154118
245,1,-0.671006694017332,0,-0.169053681709533,0,0,0,0
245,2,-0.671006694017332,0,-0.139014621463377,0,-0.169053681709533,0,0
245,3,-0.671006694017332,1,-0.131279484551358,0,-0.139014621463377,0,0.77772205694558
246,1,-0.106876270628118,0,0.141218051154535,0,0,0,0
246,2,-0.106876270628118,0,0.166179937590188,0,0.141218051154535,0,0
246,3,-0.106876270628118,1,0.130352923208091,0,0.166179937590188,1,0.798058340887464
247,1,-0.773319951036667,1,-0.225325973070167,0,0,0,0
247,2,-0.773319951036667,0,-0.694366093510837,1,-0.225325973070167,0,0
247,3,-0.773319951036667,0,-0.468730326891785,0,-0.694366093510837,0,0.297226800286397
248,1,0.769749761261462,1,0.623362368693804,0,0,0,0
248,2,0.769749761261462,0,0.140434620842451,1,0.623362368693804,0,0
248,3,0.769749761261462,0,0.246914544277841,0,0.140434620842451,0,1.04648191589966
249,1,1.45785991441856,1,1.00182295293021,0,0,0,0
249,2,1.45785991441856,1,0.512702213700442,1,1.00182295293021,0,0
249,3,1.45785991441856,1,0.116046271109041,1,0.512702213700442,0,-0.0725567762577467
250,1,1.01915418401859,1,0.760534801210226,0,0,0,0
250,2,1.01915418401859,0,0.275362413554059,1,0.760534801210226,0,0
250,3,1.01915418401859,0,0.362583327464143,0,0.275362413554059,1,0.753156812169105
251,1,-0.811064463654844,1,-0.246085455010164,0,0,0,0
251,2,-0.811064463654844,1,-0.714785874837271,1,-0.246085455010164,0,0
251,3,-0.811064463654844,0,-0.936235476953844,1,-0.714785874837271,0,-1.0003971166271
252,1,0.149854758881865,1,0.282420117385026,0,0,0,0
252,2,0.149854758881865,0,-0.194928575444911,1,0.282420117385026,0,0
252,3,0.149854758881865,1,-0.0405803599257685,0,-0.194928575444911,1,0.51560975820689
253,1,2.40939658430256,0,1.52516812136641,0,0,0,0
253,2,2.40939658430256,1,1.52748355210768,0,1.52516812136641,0,0
253,3,2.40939658430256,0,0.84734994786784,1,1.52748355210768,0,1.91603454466908
254,1,-0.71737101193007,0,-0.194554056561539,0,0,0,0
254,2,-0.71737101193007,0,-0.164097717454168,0,-0.194554056561539,0,0
254,3,-0.71737101193007,0,-0.152782327912928,0,-0.164097717454168,1,0.170031960797519
255,1,-0.276652142792143,1,0.0478413214643215,0,0,0,0
255,2,-0.276652142792143,0,-0.425668809250549,1,0.0478413214643215,0,0
255,3,-0.276652142792143,0,-0.23838573078414,0,-0.425668809250549,0,-0.122792800885289
256,1,0.242842353024002,0,0.333563294163201,0,0,0,0
256,2,0.242842353024002,0,0.355377712985985,0,0.333563294163201,0,0
256,3,0.242842353024002,1,0.292545426485472,0,0.355377712985985,0,1.37385998316393
257,1,-0.17373012728158,1,0.104448429995131,0,0,0,0
257,2,-0.17373012728158,0,-0.369987998859335,1,0.104448429995131,0,0
257,3,-0.17373012728158,0,-0.190652558430651,0,-0.369987998859335,0,-0.146932028192004
258,1,-1.06333361631405,0,-0.384833488972726,0,0,0,0
258,2,-1.06333361631405,0,-0.351263486425899,0,-0.384833488972726,0,0
258,3,-1.06333361631405,1,-0.313232864574128,0,-0.351263486425899,1,-0.571448330183211
259,1,-0.830146745662525,0,-0.256580710114389,0,0,0,0
259,2,-0.830146745662525,0,-0.225109389403426,0,-0.256580710114389,0,0
259,3,-0.830146745662525,1,-0.205085457703366,0,-0.225109389403426,1,-0.443308725463682
260,1,2.04731623232826,1,1.32602392778054,0,0,0,0
260,2,2.04731623232826,1,0.83159808168959,1,1.32602392778054,0,0
260,3,2.04731623232826,0,0.389424322229201,1,0.83159808168959,0,0.132220964797421
261,1,-0.757310283610306,0,-0.216520655985668,0,0,0,0
261,2,-0.757310283610306,0,-0.185704863433175,0,-0.216520655985668,0,0
261,3,-0.757310283610306,1,-0.171305363332787,0,-0.185704863433175,1,0.350525338014275
262,1,0.760091801859996,1,0.618050491022998,0,0,0,0
262,2,0.760091801859996,1,0.135209664806258,1,0.618050491022998,0,0
262,3,0.760091801859996,1,-0.207564624133371,1,0.135209664806258,0,0.727289036428064
263,1,1.4438418660286,1,0.99411302631573,0,0,0,0
263,2,1.4438418660286,1,0.505118449521472,1,0.99411302631573,0,0
263,3,1.4438418660286,1,0.109544980626744,1,0.505118449521472,0,0.129895656996966
264,1,0.843440806435455,0,0.6638924435395,0,0,0,0
264,2,0.843440806435455,0,0.680301476281581,0,0.6638924435395,0,0
264,3,0.843440806435455,1,0.571090977208635,0,0.680301476281581,0,1.44230238994961
265,1,-0.435549018609145,0,-0.0395519602350299,0,0,0,0
265,2,-0.435549018609145,1,-0.0116320190675475,0,-0.0395519602350299,0,0
265,3,-0.435549018609145,1,-0.472078923850549,1,-0.0116320190675475,0,-0.743432946591705
266,1,1.33680636411259,0,0.935243500261924,0,0,0,0
266,2,1.33680636411259,1,0.947212242984911,0,0.935243500261924,0,0
266,3,1.33680636411259,1,0.349904055548137,1,0.947212242984911,0,0.261217936413225
267,1,0.0971309924037523,0,0.253422045822064,0,0,0,0
267,2,0.0971309924037523,1,0.27654786689043,0,0.253422045822064,0,0
267,3,0.0971309924037523,1,-0.225032588342988,1,0.27654786689043,0,-0.87016160127194
268,1,0.261792859242368,1,0.343986072583302,0,0,0,0
268,2,0.261792859242368,1,-0.134370063149879,1,0.343986072583302,0,0
268,3,0.261792859242368,0,-0.438665707740575,1,-0.134370063149879,0,-0.791742028982407
269,1,0.763250101311452,1,0.619787555721298,0,0,0,0
269,2,0.763250101311452,1,0.136918304809495,1,0.619787555721298,0,0
269,3,0.763250101311452,0,-0.206099868013775,1,0.136918304809495,1,0.269845608555083
270,1,-0.208958951438351,1,0.085072576708907,0,0,0,0
270,2,-0.208958951438351,1,-0.389046792728148,1,0.085072576708907,0,0
270,3,-0.208958951438351,0,-0.656990982498078,1,-0.389046792728148,0,-1.16965896342403
271,1,-0.818039338300802,1,-0.249921636065441,0,0,0,0
271,2,-0.818039338300802,0,-0.718559282020734,1,-0.249921636065441,0,0
271,3,-0.818039338300802,1,-0.489470284317146,0,-0.718559282020734,0,0.00039933747734322
272,1,-0.547689885057351,0,-0.101229436781543,0,0,0,0
272,2,-0.547689885057351,1,-0.0723002278160272,0,-0.101229436781543,0,0
272,3,-0.547689885057351,0,-0.524087614891898,1,-0.0723002278160272,0,0.0708859498900313
273,1,1.81877619005407,1,1.20032690452974,0,0,0,0
273,2,1.81877619005407,1,0.707957918819254,1,1.20032690452974,0,0
273,3,1.81877619005407,0,0.283432021423278,1,0.707957918819254,0,1.49442165225963
274,1,0.179846803633925,1,0.298915741998659,0,0,0,0
274,2,0.179846803633925,0,-0.178702879234047,1,0.298915741998659,0,0
274,3,0.179846803633925,1,-0.0266706494106583,0,-0.178702879234047,0,0.538687518712254
275,1,-0.636432013873776,0,-0.150037607630577,0,0,0,0
275,2,-0.636432013873776,1,-0.120309719505713,0,-0.150037607630577,0,0
275,3,-0.636432013873776,1,-0.56524443939438,1,-0.120309719505713,0,-0.520313101270219
276,1,0.249675963944568,0,0.337321780169512,0,0,0,0
276,2,0.249675963944568,1,0.359074696494011,0,0.337321780169512,0,0
276,3,0.249675963944568,0,-0.154285281441788,1,0.359074696494011,0,0.218234792664492
277,1,0.0213550805691119,1,0.211745294313012,0,0,0,0
277,2,0.0213550805691119,0,-0.264446901412111,1,0.211745294313012,0,0
277,3,0.0213550805691119,0,-0.100175940733657,0,-0.264446901412111,0,-0.0534087807404891
278,1,-0.720214911359481,1,-0.196118201247715,0,0,0,0
278,2,-0.720214911359481,0,-0.665636267045479,1,-0.196118201247715,0,0
278,3,-0.720214911359481,1,-0.4441012715903,0,-0.665636267045479,0,-0.22204403054003
279,1,-0.0418075884838456,0,0.177005826333885,0,0,0,0
279,2,-0.0418075884838456,0,0.20138209463024,0,0.177005826333885,0,0
279,3,-0.0418075884838456,1,0.160530476612962,0,0.20138209463024,0,0.495536952008639
280,1,0.246962328405468,1,0.335829280623007,0,0,0,0
280,2,0.246962328405468,1,-0.142393380332642,1,0.335829280623007,0,0
280,3,0.246962328405468,0,-0.445543811332112,1,-0.142393380332642,0,-0.526186028669392
281,1,-1.19514239470404,1,-0.45732831708722,0,0,0,0
281,2,-1.19514239470404,1,-0.922572035534883,1,-0.45732831708722,0,0
281,3,-1.19514239470404,1,-1.11436313981584,1,-0.922572035534883,0,-1.04273782660237
282,1,1.0368636721096,1,0.770275019660281,0,0,0,0
282,2,1.0368636721096,1,0.284943246611294,1,0.770275019660281,0,0
282,3,1.0368636721096,0,-0.0792033661490091,1,0.284943246611294,1,0.360209436222773
283,1,-0.996388161599412,1,-0.348013488879677,0,0,0,0
283,2,-0.996388161599412,1,-0.815045995425282,1,-0.348013488879677,0,0
283,3,-0.996388161599412,1,-1.02218490158658,1,-0.815045995425282,0,-1.26815010578537
284,1,-0.00357258540953283,0,0.198035078024757,0,0,0,0
284,2,-0.00357258540953283,0,0.222067231293443,0,0.198035078024757,0,0
284,3,-0.00357258540953283,0,0.178263106338767,0,0.222067231293443,1,-0.165836024837831
285,1,-0.341897942677792,0,0.0119561315272144,0,0,0,0
285,2,-0.341897942677792,1,0.0390332130113145,0,0.0119561315272144,0,0
285,3,-0.341897942677792,0,-0.428645427855106,1,0.0390332130113145,1,-0.963167477339967
286,1,0.991562889800749,1,0.745359589390412,0,0,0,0
286,2,0.991562889800749,1,0.260435523382205,1,0.745359589390412,0,0
286,3,0.991562889800749,1,-0.100212962968209,1,0.260435523382205,1,0.337877684929185
287,1,-0.736052280802715,0,-0.204828754441493,0,0,0,0
287,2,-0.736052280802715,0,-0.174204283914269,0,-0.204828754441493,0,0
287,3,-0.736052280802715,0,-0.161446326790683,0,-0.174204283914269,0,0.310763897403574
288,1,0.670808748216532,1,0.568944811519092,0,0,0,0
288,2,0.670808748216532,1,0.0869075327851437,1,0.568944811519092,0,0
288,3,0.670808748216532,1,-0.248972318752137,1,0.0869075327851437,0,0.382951395582053
289,1,-0.628338822403812,1,-0.145586352322096,0,0,0,0
289,2,-0.628338822403812,0,-0.615931302920462,1,-0.145586352322096,0,0
289,3,-0.628338822403812,1,-0.40149097905444,0,-0.615931302920462,0,-0.523009098621866
290,1,-0.0153424419376264,1,0.191561656934305,0,0,0,0
290,2,-0.0153424419376264,0,-0.284300261088256,1,0.191561656934305,0,0
290,3,-0.0153424419376264,1,-0.117195517721832,0,-0.284300261088256,0,0.719357062893264
291,1,0.341345013797483,0,0.387739757588616,0,0,0,0
291,2,0.341345013797483,0,0.408667652464438,0,0.387739757588616,0,0
291,3,0.341345013797483,0,0.338228990498997,0,0.408667652464438,0,0.619796244209898
292,1,-1.48549319692111,0,-0.617021258306609,0,0,0,0
292,2,-1.48549319692111,0,-0.579651819534319,0,-0.617021258306609,0,0
292,3,-1.48549319692111,0,-0.509022034868071,0,-0.579651819534319,0,0.285118953900242
293,1,0.0160461981030464,1,0.208825408956676,0,0,0,0
293,2,0.0160461981030464,1,-0.267319006826252,1,0.208825408956676,0,0
293,3,0.0160461981030464,0,-0.552638094243769,1,-0.267319006826252,0,-0.440264992781564
294,1,-1.13179451816303,0,-0.422486984989665,0,0,0,0
294,2,-1.13179451816303,1,-0.388300834326198,0,-0.422486984989665,0,0
294,3,-1.13179451816303,0,-0.794983661633649,1,-0.388300834326198,0,-0.630411619245095
295,1,0.604453480430153,0,0.532449414236584,0,0,0,0
295,2,0.604453480430153,1,0.551009332912713,0,0.532449414236584,0,0
295,3,0.604453480430153,0,0.0102534351538965,1,0.551009332912713,0,-0.347124300851818
296,1,-1.59406550379224,0,-0.676736027085733,0,0,0,0
296,2,-1.59406550379224,0,-0.638389437551603,0,-0.676736027085733,0,0
296,3,-1.59406550379224,1,-0.559375699348766,0,-0.638389437551603,0,0.126800205551592
297,1,-0.263983579357275,0,0.0548090313534987,0,0,0,0
297,2,-0.263983579357275,0,0.0811848835677142,0,0.0548090313534987,0,0
297,3,-0.263983579357275,0,0.057489695565683,0,0.0811848835677142,0,-0.538433286990104
298,1,1.1722225307141,1,0.844722391892753,0,0,0,0
298,2,1.1722225307141,1,0.358172389116326,1,0.844722391892753,0,0
298,3,1.1722225307141,0,-0.0164266347054162,1,0.358172389116326,0,0.361043945442307
299,1,0.423575264719202,1,0.432966395595561,0,0,0,0
299,2,0.423575264719202,1,-0.0468457817869115,1,0.432966395595561,0,0
299,3,0.423575264719202,0,-0.363634263728528,1,-0.0468457817869115,1,0.391144578907302
300,1,0.630179301846711,1,0.546598616015691,0,0,0,0
300,2,0.630179301846711,1,0.0649270022990705,1,0.546598616015691,0,0
300,3,0.630179301846711,1,-0.267815443389533,1,0.0649270022990705,0,-0.0270789553239124
301,1,-0.0107197989874683,1,0.194104110556892,0,0,0,0
301,2,-0.0107197989874683,0,-0.28179941125222,1,0.194104110556892,0,0
301,3,-0.0107197989874683,0,-0.115051628374408,0,-0.28179941125222,1,0.127870154292856
302,1,1.20860906987559,1,0.864734988431576,0,0,0,0
302,2,1.20860906987559,1,0.377857506802696,1,0.864734988431576,0,0
302,3,1.20860906987559,0,0.000448714426902752,1,0.377857506802696,0,0.867870304813856
303,1,-0.497947726886222,0,-0.0738712497874222,0,0,0,0
303,2,-0.497947726886222,1,-0.0453897202454462,0,-0.0738712497874222,0,0
303,3,-0.497947726886222,1,-0.501018196775292,1,-0.0453897202454462,0,-0.966980662184403
304,1,-2.43718845050184,0,-1.14045364777601,0,0,0,0
304,2,-2.43718845050184,0,-1.0945189517215,0,-1.14045364777601,0,0
304,3,-2.43718845050184,0,-0.950399259573744,0,-1.0945189517215,0,-1.82614484236029
305,1,-0.844486231307828,0,-0.264467427219305,0,0,0,0
305,2,-0.844486231307828,0,-0.232867051137535,0,-0.264467427219305,0,0
305,3,-0.844486231307828,1,-0.211735824355944,0,-0.232867051137535,0,0.658636940390034
306,1,-0.817106330590314,1,-0.249408481824673,0,0,0,0
306,2,-0.817106330590314,0,-0.71805452484936,1,-0.249408481824673,0,0
306,3,-0.817106330590314,1,-0.489037574001176,0,-0.71805452484936,0,0.0231164064890956
307,1,0.927896277474265,1,0.710342952610846,0,0,0,0
307,2,0.927896277474265,0,0.225991886113577,1,0.710342952610846,0,0
307,3,0.927896277474265,1,0.320259735567015,0,0.225991886113577,0,0.801906575541277
308,1,0.60942841314553,1,0.535185627230042,0,0,0,0
308,2,0.60942841314553,1,0.0537007715117319,1,0.535185627230042,0,0
308,3,0.60942841314553,1,-0.277439290551366,1,0.0537007715117319,0,0.819311768246918
309,1,1.5642220623939,0,1.06032213431664,0,0,0,0
309,2,1.5642220623939,1,1.0702441357551,0,1.06032213431664,0,0
309,3,1.5642220623939,1,0.455374908097042,1,1.0702441357551,0,0.878222662283165
310,1,-0.554299999050022,1,-0.104864999477512,0,0,0,0
310,2,-0.554299999050022,0,-0.575876299486062,1,-0.104864999477512,0,0
310,3,-0.554299999050022,1,-0.367153253559419,0,-0.575876299486062,0,0.45273322668572
311,1,-0.790584680617456,0,-0.234821574339601,0,0,0,0
311,2,-0.790584680617456,0,-0.203706312214044,0,-0.234821574339601,0,0
311,3,-0.790584680617456,1,-0.186737363176764,0,-0.203706312214044,0,0.791647347988823
312,1,-1.29180617866824,0,-0.510493398267532,0,0,0,0
312,2,-1.29180617866824,0,-0.474867142659518,0,-0.510493398267532,0,0
312,3,-1.29180617866824,1,-0.419193869542757,0,-0.474867142659518,1,-0.744590890869027
313,1,-0.964108563076574,0,-0.330259709692116,0,0,0,0
313,2,-0.964108563076574,1,-0.297582732624426,0,-0.330259709692116,0,0
313,3,-0.964108563076574,0,-0.717214269383654,1,-0.297582732624426,0,-0.751508513965785
314,1,-0.140430501297743,0,0.122763224286242,0,0,0,0
314,2,-0.140430501297743,0,0.148027098797921,0,0.122763224286242,0,0
314,3,-0.140430501297743,1,0.114791142108133,0,0.148027098797921,1,0.577355909862366
315,1,1.43357438709019,1,0.988465912899606,0,0,0,0
315,2,1.43357438709019,0,0.499563743415794,1,0.988465912899606,0,0
315,3,1.43357438709019,1,0.554783129244689,0,0.499563743415794,0,0.810847480441768
316,1,-1.55059919071628,0,-0.652829554893957,0,0,0,0
316,2,-1.55059919071628,0,-0.61487416217751,0,-0.652829554893957,0,0
316,3,-1.55059919071628,0,-0.539216892670399,0,-0.61487416217751,0,0.0772041809015149
317,1,-1.71655478475505,0,-0.744105131615278,0,0,0,0
317,2,-1.71655478475505,0,-0.704656138552482,0,-0.744105131615278,0,0
317,3,-1.71655478475505,0,-0.616183778073697,0,-0.704656138552482,0,-0.776429833256177
318,1,-1.27280043036503,1,-0.500040236700767,0,0,0,0
318,2,-1.27280043036503,1,-0.964585032827482,1,-0.500040236700767,0,0
318,3,-1.27280043036503,0,-1.15037938359469,1,-0.964585032827482,0,-1.62089245340814
319,1,-1.94094306510494,0,-0.867518685807718,0,0,0,0
319,2,-1.94094306510494,0,-0.826050198221774,0,-0.867518685807718,0,0
319,3,-1.94094306510494,1,-0.72025057473437,0,-0.826050198221774,0,-0.638807119751231
320,1,1.36782830043944,1,0.952305565241693,0,0,0,0
320,2,1.36782830043944,0,0.463995110537738,1,0.952305565241693,0,0
320,3,1.36782830043944,1,0.524291409177804,0,0.463995110537738,0,2.02584537706934
321,1,-0.848841409167918,0,-0.266862775042355,0,0,0,0
321,2,-0.848841409167918,0,-0.235223202359844,0,-0.266862775042355,0,0
321,3,-0.848841409167918,1,-0.213755668743897,0,-0.235223202359844,0,0.332383984141695
322,1,0.743620817673095,1,0.608991449720202,0,0,0,0
322,2,0.743620817673095,1,0.126298862361145,1,0.608991449720202,0,0
322,3,0.743620817673095,1,-0.215203537179572,1,0.126298862361145,0,0.220557089820071
323,1,1.2804659376429,1,0.904256265703594,0,0,0,0
323,2,1.2804659376429,0,0.416732072264808,1,0.904256265703594,0,0
323,3,1.2804659376429,0,0.483774492560023,0,0.416732072264808,1,1.64571380367131
324,1,0.415642740511696,1,0.428603507281433,0,0,0,0
324,2,0.415642740511696,0,-0.0511372773831727,1,0.428603507281433,0,0
324,3,0.415642740511696,1,0.0826867901945142,0,-0.0511372773831727,0,1.10598894179751
325,1,1.23324125984632,0,0.878282692915475,0,0,0,0
325,2,1.23324125984632,0,0.891183521576858,0,0.878282692915475,0,0
325,3,1.23324125984632,1,0.751872631491525,0,0.891183521576858,1,1.43449111518777
326,1,0.549354670696259,0,0.502145068882942,0,0,0,0
326,2,0.549354670696259,1,0.521200876846676,0,0.502145068882942,0,0
326,3,0.549354670696259,1,-0.0153002908244892,1,0.521200876846676,0,0.362039090036263
327,1,0.933991033910739,1,0.713695068650907,0,0,0,0
327,2,0.933991033910739,0,0.22928914934571,1,0.713695068650907,0,0
327,3,0.933991033910739,1,0.323086361707123,0,0.22928914934571,1,0.298991245549637
328,1,-0.902906033060245,0,-0.296598318183135,0,0,0,0
328,2,-0.902906033060245,1,-0.264472163885592,0,-0.296598318183135,0,0
328,3,-0.902906033060245,0,-0.68882976001268,1,-0.264472163885592,0,-0.765897717135767
329,1,0.987950342522833,0,0.743372688387558,0,0,0,0
329,2,0.987950342522833,1,0.758481135304853,0,0.743372688387558,0,0
329,3,0.987950342522833,0,0.188111609855239,1,0.758481135304853,0,0.78112454692459
330,1,1.91205700025307,0,1.25163135013919,0,0,0,0
330,2,1.91205700025307,1,1.25842283713691,0,1.25163135013919,0,0
330,3,1.91205700025307,1,0.616693795577368,1,1.25842283713691,0,0.982312326701868
331,1,1.98749703638213,1,1.29312337001017,0,0,0,0
331,2,1.98749703638213,1,0.799235896682733,1,1.29312337001017,0,0
331,3,1.98749703638213,1,0.361681375533304,1,0.799235896682733,0,1.90296958436174
332,1,0.59777908916504,0,0.528778499040772,0,0,0,0
332,2,0.59777908916504,1,0.547398487238287,0,0.528778499040772,0,0
332,3,0.59777908916504,1,0.00715798597296241,1,0.547398487238287,0,0.459645731872245
333,1,-0.041243011609864,0,0.177316343614575,0,0,0,0
333,2,-0.041243011609864,0,0.201687530719064,0,0.177316343614575,0,0
333,3,-0.041243011609864,0,0.160792316075577,0,0.201687530719064,0,0.759712298233387
334,1,1.4514984512243,1,0.998324148173366,0,0,0,0
334,2,1.4514984512243,1,0.509260662112347,1,0.998324148173366,0,0
334,3,1.4514984512243,0,0.113095951708807,1,0.509260662112347,1,0.395243221426174
335,1,-0.236952863953642,1,0.0696759248254967,0,0,0,0
335,2,-0.236952863953642,0,-0.404191499398921,1,0.0696759248254967,0,0
335,3,-0.236952863953642,1,-0.21997399924442,0,-0.404191499398921,0,-0.376935933928742
336,1,-1.41387377717451,0,-0.577630577445983,0,0,0,0
336,2,-1.41387377717451,1,-0.540905713451412,0,-0.577630577445983,0,0
336,3,-1.41387377717451,0,-0.925806380377996,1,-0.540905713451412,0,-1.17206831774685
337,1,-1.6739726864683,1,-0.720684977557565,0,0,0,0
337,2,-1.6739726864683,0,-1.18161922337935,1,-0.720684977557565,0,0
337,3,-1.6739726864683,0,-0.886435052530268,0,-1.18161922337935,1,-1.61433935813977
338,1,-1.13351240187616,0,-0.423431821031891,0,0,0,0
338,2,-1.13351240187616,0,-0.389230209415005,0,-0.423431821031891,0,0
338,3,-1.13351240187616,1,-0.345780381742128,0,-0.389230209415005,0,-0.162359770249729
339,1,-0.406842330362147,0,-0.023763281699181,0,0,0,0
339,2,-0.406842330362147,1,0.00389829927407831,0,-0.023763281699181,0,0
339,3,-0.406842330362147,1,-0.458765335975357,1,0.00389829927407831,1,-0.685386116556647
340,1,-1.39290138559146,0,-0.566095762075301,0,0,0,0
340,2,-1.39290138559146,0,-0.529559649604978,0,-0.566095762075301,0,0
340,3,-1.39290138559146,0,-0.466079804609606,0,-0.529559649604978,0,0.327950968327562
341,1,-0.166925744229532,0,0.108190840673757,0,0,0,0
341,2,-0.166925744229532,0,0.133693172371823,0,0.108190840673757,0,0
341,3,-0.166925744229532,0,0.102503178341227,0,0.133693172371823,0,0.661590273590057
342,1,1.71675924725498,1,1.14421758599024,0,0,0,0
342,2,1.71675924725498,1,0.652766752764943,1,1.14421758599024,0,0
342,3,1.71675924725498,1,0.236118603691913,1,0.652766752764943,0,1.03498974491257
343,1,-0.503428321539566,1,-0.0768855768467612,0,0,0,0
343,2,-0.503428321539566,0,-0.548354721952905,1,-0.0768855768467612,0,0
343,3,-0.503428321539566,0,-0.34355998696362,0,-0.548354721952905,0,-0.132414451295118
344,1,-0.848842108024868,0,-0.266863159413677,0,0,0,0
344,2,-0.848842108024868,1,-0.235223580441454,0,-0.266863159413677,0,0
344,3,-0.848842108024868,0,-0.663755992859773,1,-0.235223580441454,0,-0.241767230215904
345,1,-0.11508987553004,1,0.136700568458478,0,0,0,0
345,2,-0.11508987553004,0,-0.338263622661752,1,0.136700568458478,0,0
345,3,-0.11508987553004,0,-0.163456382473322,0,-0.338263622661752,0,1.10525826634734
346,1,0.245870161924646,1,0.335228589058555,0,0,0,0
346,2,0.245870161924646,0,-0.142984242398767,1,0.335228589058555,0,0
346,3,0.245870161924646,0,0.00394966369741214,0,-0.142984242398767,0,0.514002754728192
347,1,0.447811501770432,1,0.446296325973737,0,0,0,0
347,2,0.447811501770432,1,-0.0337339775421965,1,0.446296325973737,0,0
347,3,0.447811501770432,0,-0.352393981708909,1,-0.0337339775421965,0,0.0502256611304115
348,1,-0.531455821236096,0,-0.0923007016798528,0,0,0,0
348,2,-0.531455821236096,0,-0.0635175992887279,0,-0.0923007016798528,0,0
348,3,-0.531455821236096,0,-0.0665585807728766,0,-0.0635175992887279,0,-0.172414733352341
349,1,-0.484453262303482,1,-0.0664492942669151,0,0,0,0
349,2,-0.484453262303482,0,-0.538089214906184,1,-0.0664492942669151,0,0
349,3,-0.484453262303482,0,-0.334759733991109,0,-0.538089214906184,1,-0.344324810184097
350,1,1.26373639857932,0,0.895055019218627,0,0,0,0
350,2,1.26373639857932,1,0.907681391631413,0,0.895055019218627,0,0
350,3,1.26373639857932,0,0.316015666933118,1,0.907681391631413,0,0.901310735843672
351,1,0.736498266739446,1,0.605074046706695,0,0,0,0
351,2,0.736498266739446,1,0.12244556230604,1,0.605074046706695,0,0
351,3,0.736498266739446,0,-0.21850683385158,1,0.12244556230604,0,0.293244655227935
352,1,0.216151134372216,0,0.318883123904719,0,0,0,0
352,2,0.216151134372216,0,0.340937763695369,0,0.318883123904719,0,0
352,3,0.216151134372216,0,0.280166573099146,0,0.340937763695369,0,0.476818232553754
353,1,-1.04597310175859,0,-0.375285205967223,0,0,0,0
353,2,-1.04597310175859,1,-0.341871448051396,0,-0.375285205967223,0,0
353,3,-1.04597310175859,1,-0.755181405133598,1,-0.341871448051396,0,0.335059755958678
354,1,0.575359886534952,0,0.516447937594223,0,0,0,0
354,2,0.575359886534952,1,0.535269698615409,0,0.516447937594223,0,0
354,3,0.575359886534952,0,-0.00323959182282009,1,0.535269698615409,1,0.506569874402251
355,1,0.233166188574462,1,0.328241403715954,0,0,0,0
355,2,0.233166188574462,0,-0.149857091981216,1,0.328241403715954,0,0
355,3,0.233166188574462,0,-0.00194218506293596,0,-0.149857091981216,0,-0.486593390137167
356,1,-0.451094871149516,1,-0.0481021791322336,0,0,0,0
356,2,-0.451094871149516,1,-0.520042325291888,1,-0.0481021791322336,0,0
356,3,-0.451094871149516,0,-0.769288779341722,1,-0.520042325291888,0,-0.741557877169688
357,1,-0.419033504519662,0,-0.0304684274858142,0,0,0,0
357,2,-0.419033504519662,1,-0.00269712594513723,0,-0.0304684274858142,0,0
357,3,-0.419033504519662,1,-0.464419358726129,1,-0.00269712594513723,0,0.375448205564718
358,1,-0.564073483324172,0,-0.110240415828295,0,0,0,0
358,2,-0.564073483324172,0,-0.081163754478377,0,-0.110240415828295,0,0
358,3,-0.564073483324172,1,-0.0816860000960845,0,-0.081163754478377,0,-0.752439708115475
359,1,0.288006904660385,0,0.358403797563212,0,0,0,0
359,2,0.288006904660385,0,0.379811735421269,0,0.358403797563212,0,0
359,3,0.288006904660385,0,0.313491842243394,0,0.379811735421269,0,1.2848363774187
360,1,-0.379174927066127,0,-0.00854620988637012,0,0,0,0
360,2,-0.379174927066127,0,0.018866364457225,0,-0.00854620988637012,0,0
360,3,-0.379174927066127,0,0.0040662523252714,0,0.018866364457225,1,0.240501850171393
361,1,-1.00059022566618,0,-0.350324624116398,0,0,0,0
361,2,-1.00059022566618,0,-0.317319312085402,0,-0.350324624116398,0,0
361,3,-1.00059022566618,0,-0.28413373485946,0,-0.317319312085402,1,-0.466888432184708
362,1,-0.288886428161766,1,0.0411124645110288,0,0,0,0
362,2,-0.288886428161766,1,-0.432287557635515,1,0.0411124645110288,0,0
362,3,-0.288886428161766,1,-0.694059747652864,1,-0.432287557635515,0,-0.659997007033834
363,1,0.934966925983547,1,0.714231809290951,0,0,0,0
363,2,0.934966925983547,1,0.229817106957099,1,0.714231809290951,0,0
363,3,0.934966925983547,0,-0.12646103906735,1,0.229817106957099,1,0.410176643513616
364,1,0.0617668768741081,1,0.233971782280759,0,0,0,0
364,2,0.0617668768741081,1,-0.242584119611107,1,0.233971782280759,0,0
364,3,0.0617668768741081,0,-0.531433757843326,1,-0.242584119611107,1,-0.644922866583937
365,1,0.680500013645782,1,0.57427500750518,0,0,0,0
365,2,0.680500013645782,0,0.0921505073823683,1,0.57427500750518,0,0
365,3,0.680500013645782,0,0.205522296328641,0,0.0921505073823683,0,1.69552557571507
366,1,-1.33492571263724,0,-0.534209141950482,0,0,0,0
366,2,-1.33492571263724,0,-0.498194810536747,0,-0.534209141950482,0,0
366,3,-1.33492571263724,0,-0.439191847006899,0,-0.498194810536747,0,-0.943318006592573
367,1,0.0125229104289109,1,0.206887600735901,0,0,0,0
367,2,0.0125229104289109,0,-0.269225105457959,1,0.206887600735901,0,0
367,3,0.0125229104289109,0,-0.10427212460128,0,-0.269225105457959,1,-0.221545758048414
368,1,0.255861554389825,0,0.340723854914404,0,0,0,0
368,2,0.255861554389825,1,0.362421100924895,0,0.340723854914404,0,0
368,3,0.255861554389825,1,-0.151416528305087,1,0.362421100924895,0,0.781323630938001
369,1,-0.395374656770157,0,-0.0174560612235865,0,0,0,0
369,2,-0.395374656770157,0,0.0101023106873449,0,-0.0174560612235865,0,0
369,3,-0.395374656770157,1,-0.00344685831686356,0,0.0101023106873449,0,0.566051292850519
370,1,0.484391728958191,1,0.466415450927005,0,0,0,0
370,2,0.484391728958191,1,-0.0139440746336186,1,0.466415450927005,0,0
370,3,0.484391728958191,1,-0.33542880394377,1,-0.0139440746336186,1,-0.717325392046199
371,1,-1.11093115257652,0,-0.411012133917088,0,0,0,0
371,2,-1.11093115257652,1,-0.377013753543899,0,-0.411012133917088,0,0
371,3,-1.11093115257652,0,-0.78530764994194,1,-0.377013753543899,0,-0.953964824636179
372,1,0.184964801213815,1,0.301730640667598,0,0,0,0
372,2,0.184964801213815,1,-0.175934042543326,1,0.301730640667598,0,0
372,3,0.184964801213815,1,-0.474297024493057,1,-0.175934042543326,0,-0.318345124688293
373,1,0.953884924177845,0,0.724636708297815,0,0,0,0
373,2,0.953884924177845,1,0.740051743980214,0,0.724636708297815,0,0
373,3,0.953884924177845,0,0.172312750135201,1,0.740051743980214,0,0.772370300886859
374,1,0.724100688435716,1,0.598255378639644,0,0,0,0
374,2,0.724100688435716,1,0.115738472443722,1,0.598255378639644,0,0
374,3,0.724100688435716,1,-0.224256582717284,1,0.115738472443722,1,0.197443520004477
375,1,0.688779903126524,1,0.578828946719588,0,0,0,0
375,2,0.688779903126524,0,0.0966299275914496,1,0.578828946719588,0,0
375,3,0.688779903126524,1,0.209362343472019,0,0.0966299275914496,1,1.06935675073749
376,1,-0.231676502994735,0,0.0725779233528957,0,0,0,0
376,2,-0.231676502994735,0,0.0986630118798483,0,0.0725779233528957,0,0
376,3,-0.231676502994735,1,0.0724730714411018,0,0.0986630118798483,0,0.363438159697965
377,1,-1.94712922356767,0,-0.870921072962221,0,0,0,0
377,2,-1.94712922356767,1,-0.829396909950112,0,-0.870921072962221,0,0
377,3,-1.94712922356767,0,-1.17311959130622,1,-0.829396909950112,0,-1.29880284189447
378,1,0.190041661539836,1,0.30452291384691,0,0,0,0
378,2,0.190041661539836,0,-0.173187461106949,1,0.30452291384691,0,0
378,3,0.190041661539836,1,-0.021942478211055,0,-0.173187461106949,0,1.23044899798512
379,1,1.1433417204945,1,0.828837946271976,0,0,0,0
379,2,1.1433417204945,1,0.342547870787525,1,0.828837946271976,0,0
379,3,1.1433417204945,0,-0.02982097686906,1,0.342547870787525,0,0.273555048055337
380,1,-0.0496955223576441,0,0.172667462703296,0,0,0,0
380,2,-0.0496955223576441,1,0.197114722404515,0,0.172667462703296,0,0
380,3,-0.0496955223576441,1,-0.293127789359028,1,0.197114722404515,0,-0.154268123768972
381,1,-0.964996354243387,0,-0.330747994833863,0,0,0,0
381,2,-0.964996354243387,1,-0.298063027645672,0,-0.330747994833863,0,0
381,3,-0.964996354243387,0,-0.717626009170998,1,-0.298063027645672,0,0.308897644128798
382,1,-0.933848662886368,0,-0.313616764587502,0,0,0,0
382,2,-0.933848662886368,0,-0.281212126621525,0,-0.313616764587502,0,0
382,3,-0.933848662886368,0,-0.25318033287344,0,-0.281212126621525,0,-0.624789611093477
383,1,1.98443984463271,1,1.29144191454799,0,0,0,0
383,2,1.98443984463271,0,0.797581955946298,1,1.29144191454799,0,0
383,3,1.98443984463271,1,0.81026351114376,0,0.797581955946298,1,2.74517834339564
384,1,-0.204913893824282,1,0.0872973583966452,0,0,0,0
384,2,-0.204913893824282,0,-0.386858416558936,1,0.0872973583966452,0,0
384,3,-0.204913893824282,0,-0.205114965677825,0,-0.386858416558936,1,-0.560668015532243
385,1,-0.978536714923906,0,-0.338195193208148,0,0,0,0
385,2,-0.978536714923906,1,-0.305388362773833,0,-0.338195193208148,0,0
385,3,-0.978536714923906,0,-0.723905757647409,1,-0.305388362773833,0,-0.999300344709582
386,1,-0.639243378707426,0,-0.151583858289084,0,0,0,0
386,2,-0.639243378707426,1,-0.121830667880717,0,-0.151583858289084,0,0
386,3,-0.639243378707426,0,-0.56654829417693,1,-0.121830667880717,0,-1.47651251286246
387,1,0.486663306403384,1,0.467664818521861,0,0,0,0
387,2,0.486663306403384,0,-0.0127151512357692,1,0.467664818521861,0,0
387,3,0.486663306403384,0,0.115624708243761,0,-0.0127151512357692,0,0.541672030480922
388,1,0.806832953720604,0,0.643758124546332,0,0,0,0
388,2,0.806832953720604,1,0.660496627962847,0,0.643758124546332,0,0
388,3,0.806832953720604,0,0.104112987276542,1,0.660496627962847,0,0.762006542083172
389,1,-0.878538536552714,0,-0.283196195103993,0,0,0,0
389,2,-0.878538536552714,0,-0.251289348275019,0,-0.283196195103993,0,0
389,3,-0.878538536552714,0,-0.227528602482418,0,-0.251289348275019,1,0.41765621871943
390,1,2.49074987359232,1,1.56991243047578,0,0,0,0
390,2,2.49074987359232,1,1.07149568161345,1,1.56991243047578,0,0
390,3,2.49074987359232,0,0.595079976374647,1,1.07149568161345,0,1.30015664397128
391,1,-2.36871463050823,0,-1.10279304677952,0,0,0,0
391,2,-2.36871463050823,1,-1.05747461510495,0,-1.10279304677952,0,0
391,3,-2.36871463050823,0,-1.36864247133711,1,-1.05747461510495,1,-1.99866544227581
392,1,0.795350971284677,0,0.637443034206572,0,0,0,0
392,2,0.795350971284677,0,0.65428487546501,0,0.637443034206572,0,0
392,3,0.795350971284677,1,0.548787873462408,0,0.65428487546501,0,1.34029449312247
393,1,0.238613184331262,0,0.331237251382194,0,0,0,0
393,2,0.238613184331262,1,0.353089732723213,0,0.331237251382194,0,0
393,3,0.238613184331262,1,-0.159415977370847,1,0.353089732723213,0,0.206693964148422
394,1,-0.496815064568065,0,-0.0732482855124357,0,0,0,0
394,2,-0.496815064568065,0,-0.0447769499313231,0,-0.0732482855124357,0,0
394,3,-0.496815064568065,1,-0.0504928906453771,0,-0.0447769499313231,0,0.358199779478973
395,1,0.0277568747047263,1,0.215266281087599,0,0,0,0
395,2,0.0277568747047263,1,-0.260983530784743,1,0.215266281087599,0,0
395,3,0.0277568747047263,0,-0.547206916649442,1,-0.260983530784743,0,-0.672828867682057
396,1,-0.13522811201791,1,0.12562453839015,0,0,0,0
396,2,-0.13522811201791,0,-0.349158408601689,1,0.12562453839015,0,0
396,3,-0.13522811201791,0,-0.172796093791666,0,-0.349158408601689,0,1.00648973917563
397,1,-0.636100672455834,0,-0.149855369850709,0,0,0,0
397,2,-0.636100672455834,0,-0.120130463798606,0,-0.149855369850709,0,0
397,3,-0.636100672455834,0,-0.115090769871567,0,-0.120130463798606,0,0.277969728913854
398,1,0.811212733055672,1,0.646167003180619,0,0,0,0
398,2,0.811212733055672,0,0.162866088583118,1,0.646167003180619,0,0
398,3,0.811212733055672,1,0.266144241336559,0,0.162866088583118,0,0.535484212743242
399,1,-0.69582290422487,1,-0.182702597323679,0,0,0,0
399,2,-0.69582290422487,0,-0.652440191185655,1,-0.182702597323679,0,0
399,3,-0.69582290422487,1,-0.43278874652141,0,-0.652440191185655,0,-0.396679469353219
400,1,0.0491520838506254,1,0.227033646117844,0,0,0,0
400,2,0.0491520838506254,0,-0.249408722636812,1,0.227033646117844,0,0
400,3,0.0491520838506254,0,-0.087284246551757,0,-0.249408722636812,0,-0.171659085089124
401,1,-0.989641958089673,0,-0.34430307694932,0,0,0,0
401,2,-0.989641958089673,0,-0.311396299326513,0,-0.34430307694932,0,0
401,3,-0.989641958089673,1,-0.279056147322829,0,-0.311396299326513,0,-0.0761564845754079
402,1,-0.298645251914294,0,0.0357451114471382,0,0,0,0
402,2,-0.298645251914294,1,0.0624329187143668,0,0.0357451114471382,0,0
402,3,-0.298645251914294,1,-0.408585694932811,1,0.0624329187143668,0,-0.453319465171313
403,1,1.43756242647373,1,0.990659334560551,0,0,0,0
403,2,1.43756242647373,1,0.501721272722287,1,0.990659334560551,0,0
403,3,1.43756242647373,1,0.106632702149986,1,0.501721272722287,0,0.704335214437066
404,1,-0.570513277105503,0,-0.113782302408027,0,0,0,0
404,2,-0.570513277105503,0,-0.084647682914077,0,-0.113782302408027,0,0
404,3,-0.570513277105503,0,-0.08467264765599,0,-0.084647682914077,0,0.0935870256569874
405,1,-1.20730624902534,0,-0.464018436963938,0,0,0,0
405,2,-1.20730624902534,0,-0.42915268072271,0,-0.464018436963938,0,0
405,3,-1.20730624902534,1,-0.380004492172973,0,-0.42915268072271,1,-0.949450143254963
406,1,-0.865680661435476,1,-0.276124363789512,0,0,0,0
406,2,-0.865680661435476,1,-0.744333237836593,1,-0.276124363789512,0,0
406,3,-0.865680661435476,0,-0.961565377160545,1,-0.744333237836593,0,-0.19026449173794
407,1,0.116820914967654,1,0.26425150323221,0,0,0,0
407,2,0.116820914967654,1,-0.212799885002499,1,0.26425150323221,0,0
407,3,0.116820914967654,0,-0.505900796056301,1,-0.212799885002499,0,-0.37939025954694
408,1,-1.31434199287509,1,-0.522888096081301,0,0,0,0
408,2,-1.31434199287509,1,-0.987059018145425,1,-0.522888096081301,0,0
408,3,-1.31434199287509,0,-1.16964552945561,1,-0.987059018145425,0,-1.46559814850111
409,1,-1.10974765038328,1,-0.410361207710806,0,0,0,0
409,2,-1.10974765038328,0,-0.876373478857356,1,-0.410361207710806,0,0
409,3,-1.10974765038328,1,-0.624758765294759,0,-0.876373478857356,0,-0.0224254115328738
410,1,-0.326820477246704,1,0.0202487375143126,0,0,0,0
410,2,-0.326820477246704,1,-0.452809878190467,1,0.0202487375143126,0,0
410,3,-0.326820477246704,0,-0.711652800937477,1,-0.452809878190467,0,-0.715558226378852
411,1,-1.78408505704306,1,-0.781246781373683,0,0,0,0
411,2,-1.78408505704306,0,-1.24119001586029,1,-0.781246781373683,0,0
411,3,-1.78408505704306,1,-0.93750296775543,0,-1.24119001586029,0,-2.14274217600528
412,1,-0.443609339251933,1,-0.0439851365885634,0,0,0,0
412,2,-0.443609339251933,1,-0.515992652535296,1,-0.0439851365885634,0,0
412,3,-0.443609339251933,0,-0.765817139358262,1,-0.515992652535296,0,0.110291420606147
413,1,1.95233478222688,1,1.27378413022478,0,0,0,0
413,2,1.95233478222688,1,0.78021311718474,1,1.27378413022478,0,0
413,3,1.95233478222688,1,0.34537382530118,1,0.78021311718474,0,0.957791923938047
414,1,0.388401574247243,1,0.413620865835984,0,0,0,0
414,2,0.388401574247243,1,-0.0658747483322415,1,0.413620865835984,0,0
414,3,0.388401574247243,0,-0.379947117895614,1,-0.0658747483322415,0,-0.35034616854112
415,1,-0.143914376086382,0,0.12084709315249,0,0,0,0
415,2,-0.143914376086382,1,0.146142322537267,0,0.12084709315249,0,0
415,3,-0.143914376086382,1,-0.336824609341342,1,0.146142322537267,1,-0.880614879648125
416,1,0.65811333712146,1,0.561962335416803,0,0,0,0
416,2,0.65811333712146,1,0.08003931538271,1,0.561962335416803,0,0
416,3,0.65811333712146,0,-0.254860196509809,1,0.08003931538271,0,-0.107995314086713
417,1,-1.02364622148449,0,-0.363005421816468,0,0,0,0
417,2,-1.02364622148449,0,-0.329792605823108,0,-0.363005421816468,0,0
417,3,-1.02364622148449,0,-0.294826644600075,0,-0.329792605823108,0,-0.242109322537623
418,1,-1.46118986106922,0,-0.603654423588069,0,0,0,0
418,2,-1.46118986106922,0,-0.566503714838446,0,-0.603654423588069,0,0
418,3,-1.46118986106922,0,-0.497750633766681,0,-0.566503714838446,0,-0.473151520372894
419,1,-0.843997635784802,1,-0.264198699681641,0,0,0,0
419,2,-0.843997635784802,0,-0.732602720959578,1,-0.264198699681641,0,0
419,3,-0.843997635784802,1,-0.501509223524275,0,-0.732602720959578,0,0.22815254646059
420,1,-0.902353118237144,0,-0.296294215030429,0,0,0,0
420,2,-0.902353118237144,0,-0.264173036966295,0,-0.296294215030429,0,0
420,3,-0.902353118237144,1,-0.238573329176023,0,-0.264173036966295,1,0.520308170569004
421,1,0.272056023934233,1,0.349630813163828,0,0,0,0
421,2,0.272056023934233,0,-0.12881769105158,1,0.349630813163828,0,0
421,3,0.272056023934233,1,0.0160941427802187,0,-0.12881769105158,0,0.111428696769422
422,1,-1.84734339827376,0,-0.816038869050568,0,0,0,0
422,2,-1.84734339827376,0,-0.775412778466105,0,-0.816038869050568,0,0
422,3,-1.84734339827376,1,-0.676840921251405,0,-0.775412778466105,0,-1.23415470839025
423,1,0.667045498362481,1,0.566875024099365,0,0,0,0
423,2,0.667045498362481,1,0.0848716146141024,1,0.566875024099365,0,0
423,3,0.667045498362481,0,-0.250717638769448,1,0.0848716146141024,0,-0.681445372832914
424,1,-0.187936687251683,0,0.0966348220115743,0,0,0,0
424,2,-0.187936687251683,0,0.122326252196839,0,0.0966348220115743,0,0
424,3,-0.187936687251683,0,0.0927587231864144,0,0.122326252196839,1,0.881382249533678
425,1,-0.882494773732686,0,-0.285372125552977,0,0,0,0
425,2,-0.882494773732686,1,-0.253429672589383,0,-0.285372125552977,0,0
425,3,-0.882494773732686,0,-0.679363426161745,1,-0.253429672589383,0,-1.01243685309435
426,1,-1.40478391766366,0,-0.572631154715016,0,0,0,0
426,2,-1.40478391766366,0,-0.535988099456043,0,-0.572631154715016,0,0
426,3,-1.40478391766366,0,-0.471590685334054,0,-0.535988099456043,0,-0.624719493032664
427,1,-0.614903249172999,0,-0.138196787045149,0,0,0,0
427,2,-0.614903249172999,0,-0.108662657802592,0,-0.138196787045149,0,0
427,3,-0.614903249172999,1,-0.105259828901453,0,-0.108662657802592,1,-0.195303220261128
428,1,1.06474498524513,1,0.785609741884821,0,0,0,0
428,2,1.06474498524513,1,0.300027037017615,1,0.785609741884821,0,0
428,3,1.06474498524513,0,-0.0662725707430143,1,0.300027037017615,0,-0.874173019360926
429,1,-0.249422813394148,0,0.0628174526332185,0,0,0,0
429,2,-0.249422813394148,1,0.0890622579537659,0,0.0628174526332185,0,0
429,3,-0.249422813394148,0,-0.385757312395938,1,0.0890622579537659,0,0.662398564956835
430,1,-1.82040630172727,0,-0.801223465949996,0,0,0,0
430,2,-1.82040630172727,0,-0.76083980923445,0,-0.801223465949996,0,0
430,3,-1.82040630172727,0,-0.664348034615071,0,-0.76083980923445,0,0.145165971250259
431,1,-0.228305447649419,1,0.0744320037928196,0,0,0,0
431,2,-0.228305447649419,0,-0.399513247178336,1,0.0744320037928196,0,0
431,3,-0.228305447649419,0,-0.215963500510847,0,-0.399513247178336,0,-0.178924856709765
432,1,1.04072018556957,1,0.772396102063266,0,0,0,0
432,2,1.04072018556957,1,0.28702962039314,1,0.772396102063266,0,0
432,3,1.04072018556957,1,-0.0774147923365426,1,0.28702962039314,0,0.119552390886564
433,1,-0.642396866576499,0,-0.153318276617074,0,0,0,0
433,2,-0.642396866576499,0,-0.123536704817886,0,-0.153318276617074,0,0
433,3,-0.642396866576499,0,-0.118010818780848,0,-0.123536704817886,1,-0.0374841586038032
434,1,0.345795873663042,1,0.390187730514673,0,0,0,0
434,2,0.345795873663042,0,-0.088924432348294,1,0.390187730514673,0,0
434,3,0.345795873663042,1,0.0502932102874458,0,-0.088924432348294,0,0.0273825882577985
435,1,-1.54037277621602,1,-0.647205026918809,0,0,0,0
435,2,-1.54037277621602,1,-1.10934167193287,1,-0.647205026918809,0,0
435,3,-1.54037277621602,0,-1.27447408615346,1,-1.10934167193287,0,-1.16918238211386
436,1,2.1259068170869,1,1.3692487493978,0,0,0,0
436,2,2.1259068170869,1,0.874115588044015,1,1.3692487493978,0,0
436,3,2.1259068170869,1,0.425873063628565,1,0.874115588044015,1,1.45231180124765
437,1,1.9906015443521,1,1.29483084939365,0,0,0,0
437,2,1.9906015443521,0,0.800915435494486,1,1.29483084939365,0,0
437,3,1.9906015443521,1,0.813121184239617,0,0.800915435494486,0,2.20442155892924
438,1,-0.618040242803418,0,-0.13992213354188,0,0,0,0
438,2,-0.618040242803418,1,-0.110359771356649,0,-0.13992213354188,0,0
438,3,-0.618040242803418,1,-0.556714703807369,1,-0.110359771356649,0,-0.869499896880781
439,1,-0.529559576674405,0,-0.0912577671709229,0,0,0,0
439,2,-0.529559576674405,1,-0.0624917309808532,0,-0.0912577671709229,0,0
439,3,-0.529559576674405,0,-0.515679140470056,1,-0.0624917309808532,0,-0.381157628059331
440,1,0.288001027190148,1,0.358400564954582,0,0,0,0
440,2,0.288001027190148,1,-0.12019144429013,1,0.358400564954582,0,0
440,3,0.288001027190148,1,-0.426510883609753,1,-0.12019144429013,0,-0.210958523758267
441,1,-0.767377136745448,0,-0.222057425209997,0,0,0,0
441,2,-0.767377136745448,0,-0.191151030979288,0,-0.222057425209997,0,0
441,3,-0.767377136745448,0,-0.175974168479804,0,-0.191151030979288,1,0.113350939699424
442,1,-2.70376089896091,0,-1.2870684944285,0,0,0,0
442,2,-2.70376089896091,0,-1.23873464633785,0,-1.2870684944285,0,0
442,3,-2.70376089896091,0,-1.07403022972009,0,-1.23873464633785,0,-1.68593412662563
443,1,-0.636572771865637,1,-0.1501150245261,0,0,0,0
443,2,-0.636572771865637,1,-0.62038586957931,1,-0.1501150245261,0,0
443,3,-0.636572771865637,0,-0.855309720135845,1,-0.62038586957931,0,-1.6168865844336
444,1,0.273524072864755,1,0.350438240075615,0,0,0,0
444,2,0.273524072864755,1,-0.128023476580168,1,0.350438240075615,0,0
444,3,0.273524072864755,0,-0.433225005486784,1,-0.128023476580168,0,-0.778987012424005
445,1,0.282229181470418,1,0.35522604980873,0,0,0,0
445,2,0.282229181470418,0,-0.123314012824504,1,0.35522604980873,0,0
445,3,0.282229181470418,0,0.0208122497823505,0,-0.123314012824504,1,-0.171082177609041
446,1,-0.358256152815637,0,0.0029591159513998,0,0,0,0
446,2,-0.358256152815637,0,0.0301834213267405,0,0.0029591159513998,0,0
446,3,-0.358256152815637,1,0.013767961447164,0,0.0301834213267405,0,0.228266076599452
447,1,0.46158262056716,0,0.453870441311938,0,0,0,0
447,2,0.46158262056716,0,0.473716197726834,0,0.453870441311938,0,0
447,3,0.46158262056716,1,0.393992787766637,0,0.473716197726834,1,1.01476892591395
448,1,0.593701131548337,0,0.526535622351586,0,0,0,0
448,2,0.593701131548337,0,0.545192312167651,0,0.526535622351586,0,0
448,3,0.593701131548337,1,0.455266710789488,0,0.545192312167651,0,1.54510594327627
449,1,0.823333993090183,1,0.652833696199601,0,0,0,0
449,2,0.823333993090183,1,0.169423690261789,1,0.652833696199601,0,0
449,3,0.823333993090183,1,-0.178234160684635,1,0.169423690261789,0,-0.28936723416237
450,1,-0.137240804566752,1,0.124517557488286,0,0,0,0
450,2,-0.137240804566752,0,-0.350247275270613,1,0.124517557488286,0,0
450,3,-0.137240804566752,0,-0.173729540341968,0,-0.350247275270613,0,0.481692467046264
