id,time,l0,a,l,alag,llag,y
1,1,0.343755801933667,1,0.51911457236063,0,0,0
1,2,0.343755801933667,1,0.140289521192314,1,0.51911457236063,0
1,3,0.343755801933667,0,-0.100506265437745,1,0.140289521192314,0.20728201592774
2,1,0.602162678954073,0,0.704688372055404,0,0,0
2,2,0.602162678954073,0,0.659274446096543,0,0.704688372055404,0
2,3,0.602162678954073,1,0.546681953789565,0,0.659274446096543,0.1842195179468
3,1,0.913681959905711,0,-0.42193262087501,0,0,0
3,2,0.913681959905711,0,0.0137277082414647,0,-0.42193262087501,0
3,3,0.913681959905711,1,0.215877545166849,0,0.0137277082414647,0.0278067618927138
4,1,-0.172708822515338,1,-0.778433294476178,0,0,0
4,2,-0.172708822515338,0,-0.751989142402838,1,-0.778433294476178,0
4,3,-0.172708822515338,1,-0.380332937745793,0,-0.751989142402838,-0.616622338620514
5,1,-0.518135530471332,0,-0.34454426444934,0,0,0
5,2,-0.518135530471332,1,-0.181700484138717,0,-0.34454426444934,0
5,3,-0.518135530471332,0,-0.407925255066442,1,-0.181700484138717,-0.191378990148874
6,1,-0.0348154955607164,1,-0.4420128962606,0,0,0
6,2,-0.0348154955607164,0,-0.519966629926894,1,-0.4420128962606,0
6,3,-0.0348154955607164,0,-0.226454814736099,0,-0.519966629926894,0.0383513169560954
7,1,0.327190265398354,0,0.0680192867529422,0,0,0
7,2,0.327190265398354,0,0.217794302904544,0,0.0680192867529422,0
7,3,0.327190265398354,1,0.252127332840405,0,0.217794302904544,-0.0765715552808865
8,1,-0.361070295334179,0,-0.271555781228952,0,0,0
8,2,-0.361070295334179,0,-0.10974653456876,0,-0.271555781228952,0
8,3,-0.361070295334179,1,-0.0342028313966661,0,-0.10974653456876,-0.422693390323252
9,1,1.43014751105333,1,1.49515855768939,0,0,0
9,2,1.43014751105333,1,0.930123382646486,1,1.49515855768939,0
9,3,1.43014751105333,1,0.509692213482428,1,0.930123382646486,0.341223157599783
10,1,-0.237505453587767,1,0.0853105416156818,0,0,0
10,2,-0.237505453587767,0,-0.227483391308198,1,0.0853105416156818,0
10,3,-0.237505453587767,1,-0.0851911304610421,0,-0.227483391308198,-0.430181168502817
11,1,-0.0287912030520206,0,-0.811622917619246,0,0,0
11,2,-0.0287912030520206,0,-0.388100713442776,0,-0.811622917619246,0
11,3,-0.0287912030520206,1,-0.149129182224093,0,-0.388100713442776,-0.427741908583828
12,1,2.02489015453619,1,-0.0414315606035969,0,0,0
12,2,2.02489015453619,1,0.0785437586969222,1,-0.0414315606035969,0
12,3,2.02489015453619,0,0.0990400016792815,1,0.0785437586969222,0.712823035139873
13,1,-1.58767612794774,0,-0.723915317853307,0,0,0
13,2,-1.58767612794774,1,-0.598732438820167,0,-0.723915317853307,0
13,3,-1.58767612794774,0,-0.799539472428381,1,-0.598732438820167,-0.692975589399803
14,1,0.239274246810587,0,-0.172137573462731,0,0,0
14,2,0.239274246810587,0,0.0539513264109063,0,-0.172137573462731,0
14,3,0.239274246810587,1,0.144790163871808,0,0.0539513264109063,-0.168902354268841
15,1,1.26171491917244,1,0.354580940396957,0,0,0
15,2,1.26171491917244,1,0.194331719305428,1,0.354580940396957,0
15,3,1.26171491917244,1,0.0593524858812896,1,0.194331719305428,-0.00206302738278652
16,1,0.434528304721157,0,-0.00678662510662055,0,0,0
16,2,0.434528304721157,0,0.189662104236492,0,-0.00678662510662055,0
16,3,0.434528304721157,0,0.250837983118127,0,0.189662104236492,0.466166055558981
17,1,2.7153692594345,1,1.74064445248166,0,0,0
17,2,2.7153692594345,1,1.30081233464249,1,1.74064445248166,0
17,3,2.7153692594345,1,0.904622850413476,1,1.30081233464249,0.892524775356754
18,1,2.74575122677011,1,1.39690526517654,0,0,0
18,2,2.74575122677011,0,1.09285897296037,1,1.39690526517654,0
18,3,2.74575122677011,1,1.09826337606483,0,1.09285897296037,1.03088436561351
19,1,-1.5163261755941,0,-0.369527599915467,0,0,0
19,2,-1.5163261755941,1,-0.366882561798587,0,-0.369527599915467,0
19,3,-1.5163261755941,0,-0.655077550426354,1,-0.366882561798587,-0.579044492920623
20,1,-0.117127061283287,0,-0.583641640680269,0,0,0
20,2,-0.117127061283287,1,-0.261769417639926,0,-0.583641640680269,0
20,3,-0.117127061283287,1,-0.398224050810817,1,-0.261769417639926,-0.616560308033679
21,1,-0.768469934902747,0,-0.95695015658003,0,0,0
21,2,-0.768469934902747,1,-0.603948986013086,0,-0.95695015658003,0
21,3,-0.768469934902747,1,-0.687876202773974,1,-0.603948986013086,-0.956819203564907
22,1,1.94509135059976,0,1.03893781617424,0,0,0
22,2,1.94509135059976,0,1.09480697562999,0,1.03893781617424,0
22,3,1.94509135059976,1,0.987300834949359,0,1.09480697562999,0.779284664897512
23,1,0.908607138186287,0,-0.106759666596134,0,0,0
23,2,0.908607138186287,0,0.208272220202066,0,-0.106759666596134,0
23,3,0.908607138186287,1,0.328002887063278,0,0.208272220202066,0.102935533604012
24,1,-1.72817205901765,0,-0.762305461911166,0,0,0
24,2,-1.72817205901765,0,-0.646418636417924,0,-0.762305461911166,0
24,3,-1.72817205901765,1,-0.536866897384868,0,-0.646418636417924,-1.06526734320559
25,1,-0.867389573085616,1,0.245791268065701,0,0,0
25,2,-0.867389573085616,1,-0.23506564122382,1,0.245791268065701,0
25,3,-0.867389573085616,0,-0.487772612141802,1,-0.23506564122382,-0.322511082335261
26,1,0.269323961704048,1,0.389734999830358,0,0,0
26,2,0.269323961704048,0,0.0474207733845103,1,0.389734999830358,0
26,3,0.269323961704048,1,0.145209403201583,0,0.0474207733845103,-0.162006334248033
27,1,1.01876266562685,1,-0.144371053602653,0,0,0
27,2,1.01876266562685,0,-0.156320400077081,1,-0.144371053602653,0
27,3,1.01876266562685,0,0.131960941143052,0,-0.156320400077081,0.513861226415181
28,1,-1.03182039457675,1,-0.346864530723584,0,0,0
28,2,-1.03182039457675,0,-0.63046547612667,1,-0.346864530723584,0
28,3,-1.03182039457675,0,-0.430124831394213,0,-0.63046547612667,-0.31948537215495
29,1,-1.3098534828333,0,-0.71851417684142,0,0,0
29,2,-1.3098534828333,1,-0.548153881723342,0,-0.71851417684142,0
29,3,-1.3098534828333,1,-0.7313087389962,1,-0.548153881723342,-1.10545770874074
30,1,-0.492571027924945,1,-0.161366549659899,0,0,0
30,2,-0.492571027924945,0,-0.423784335536378,1,-0.161366549659899,0
30,3,-0.492571027924945,0,-0.234754858520591,0,-0.423784335536378,-0.0679989299374899
31,1,1.69143214107185,1,0.786633471666278,0,0,0
31,2,1.69143214107185,0,0.535256216415306,1,0.786633471666278,0
31,3,1.69143214107185,1,0.627249105270936,0,0.535256216415306,0.478644462620043
32,1,1.0246016399931,0,0.0369307181560604,0,0,0
32,2,1.0246016399931,1,0.317079324055584,0,0.0369307181560604,0
32,3,1.0246016399931,1,0.0973502375512727,1,0.317079324055584,-0.0283894776666529
33,1,-0.716481206071828,0,-0.941484864030337,0,0,0
33,2,-0.716481206071828,1,-0.58552242073102,0,-0.941484864030337,0
33,3,-0.716481206071828,0,-0.669910372874047,1,-0.58552242073102,-0.413164918890154
34,1,-0.938853796365651,1,-0.178200268773907,0,0,0
34,2,-0.938853796365651,1,-0.510089312021983,1,-0.178200268773907,0
34,3,-0.938853796365651,0,-0.657291332463941,1,-0.510089312021983,-0.453505941275923
35,1,-1.001011753173,0,-0.936067581542476,0,0,0
35,2,-1.001011753173,0,-0.630533898595745,0,-0.936067581542476,0
35,3,-1.001011753173,1,-0.425851306629752,0,-0.630533898595745,-0.829801474206291
36,1,-0.770068907417078,0,-0.8700513915501,0,0,0
36,2,-0.770068907417078,1,-0.550343577021965,0,-0.8700513915501,0
36,3,-0.770068907417078,1,-0.657008921711131,1,-0.550343577021965,-0.936181226395326
37,1,-0.220402860589508,0,-1.25503835460792,0,0,0
37,2,-0.220402860589508,1,-0.695592266157125,0,-1.25503835460792,0
37,3,-0.220402860589508,0,-0.664299914853663,1,-0.695592266157125,-0.300212571430183
38,1,-0.761259666301438,0,-0.0862699176809272,0,0,0
38,2,-0.761259666301438,0,-0.0629014922334194,0,-0.0862699176809272,0
38,3,-0.761259666301438,0,-0.0630592187775846,0,-0.0629014922334194,-0.0103573953550739
39,1,-1.89363446208053,0,-1.28639233861324,0,0,0
39,2,-1.89363446208053,0,-0.999481108493901,0,-1.28639233861324,0
39,3,-1.89363446208053,0,-0.764807867617736,0,-0.999481108493901,-0.736668931637777
40,1,0.548964370357253,1,0.063346839244166,0,0,0
40,2,0.548964370357253,1,-0.107401016707884,1,0.063346839244166,0
40,3,0.548964370357253,1,-0.215437577840557,1,-0.107401016707884,-0.345725391452983
41,1,0.0579897344684166,1,-0.0563786836280098,0,0,0
41,2,0.0579897344684166,0,-0.265096528989735,1,-0.0563786836280098,0
41,3,0.0579897344684166,0,-0.0656374239884681,0,-0.265096528989735,0.168124293270893
42,1,0.65672257934323,1,0.337557912883455,0,0,0
42,2,0.65672257934323,1,0.0809287444760911,1,0.337557912883455,0
42,3,0.65672257934323,1,-0.0911201670958149,1,0.0809287444760911,-0.237482746169643
43,1,0.731063392560608,0,0.682385562664794,0,0,0
43,2,0.731063392560608,0,0.667359825587476,0,0.682385562664794,0
43,3,0.731063392560608,0,0.569417573799221,0,0.667359825587476,0.748037896546804
44,1,1.02496475618381,0,0.331123475140603,0,0,0
44,2,1.02496475618381,0,0.499540563138421,0,0.331123475140603,0
44,3,1.02496475618381,1,0.513228592486017,0,0.499540563138421,0.254487689250929
45,1,0.271681351275823,0,-0.543496071054652,0,0,0
45,2,0.271681351275823,0,-0.170781734336994,0,-0.543496071054652,0
45,3,0.271681351275823,0,0.0189819832631586,0,-0.170781734336994,0.272677645899629
46,1,-0.950797312829293,0,-0.0179348363448703,0,0,0
46,2,-0.950797312829293,0,-0.0527551417147993,0,-0.0179348363448703,0
46,3,-0.950797312829293,1,-0.0837096059906846,0,-0.0527551417147993,-0.58609794089611
47,1,-0.452793272664423,0,-0.836747921346422,0,0,0
47,2,-0.452793272664423,0,-0.475758567587734,0,-0.836747921346422,0
47,3,-0.452793272664423,1,-0.259331027373905,0,-0.475758567587734,-0.595959618600428
48,1,-0.572593346029639,1,-0.75454607653835,0,0,0
48,2,-0.572593346029639,0,-0.805159436278816,1,-0.75454607653835,0
48,3,-0.572593346029639,0,-0.467155541485863,0,-0.805159436278816,-0.243636304336907
49,1,-0.885924631076977,0,-1.05288214950189,0,0,0
49,2,-0.885924631076977,0,-0.683394119974258,0,-1.05288214950189,0
49,3,-0.885924631076977,1,-0.440398037935847,0,-0.683394119974258,-0.814374084633311
50,1,-2.1283423925959,1,-2.07168001520724,0,0,0
50,2,-2.1283423925959,0,-1.88625981616979,1,-2.07168001520724,0
50,3,-2.1283423925959,1,-1.31199862834191,0,-1.88625981616979,-1.6803943936436
51,1,1.41768718420091,1,0.785128448950655,0,0,0
51,2,1.41768718420091,1,0.487786459663561,1,0.785128448950655,0
51,3,1.41768718420091,1,0.251392352392993,1,0.487786459663561,0.162837980151435
52,1,0.843813962072924,1,0.68745541456223,0,0,0
52,2,0.843813962072924,0,0.32967073058098,1,0.68745541456223,0
52,3,0.843813962072924,0,0.389342978427178,0,0.32967073058098,0.650392296986524
53,1,1.13944489550946,1,-0.668132685629924,0,0,0
53,2,1.13944489550946,1,-0.460536632853944,1,-0.668132685629924,0
53,3,1.13944489550946,0,-0.337588961683963,1,-0.460536632853944,0.221117383066987
54,1,1.44628468297538,0,0.426479429798139,0,0,0
54,2,1.44628468297538,1,0.63028564258066,0,0.426479429798139,0
54,3,1.44628468297538,1,0.338045528313336,1,0.63028564258066,0.228053589507651
55,1,-1.6614761425307,0,-1.11984245831308,0,0,0
55,2,-1.6614761425307,1,-0.856753268384326,0,-1.11984245831308,0
55,3,-1.6614761425307,0,-0.959523555617207,1,-0.856753268384326,-0.818000769176455
56,1,-0.28622297332601,0,-0.0806008648127857,0,0,0
56,2,-0.28622297332601,1,0.0213695583506511,0,-0.0806008648127857,0
56,3,-0.28622297332601,0,-0.257676872422264,1,0.0213695583506511,-0.0381893273788617
57,1,-0.641163632354582,0,-0.98629679135537,0,0,0
57,2,-0.641163632354582,0,-0.600501828140608,0,-0.98629679135537,0
57,3,-0.641163632354582,0,-0.358053968851194,0,-0.600501828140608,-0.18453269793682
58,1,1.1263656182914,0,0.676032327474201,0,0,0
58,2,1.1263656182914,1,0.730622198143543,0,0.676032327474201,0
58,3,1.1263656182914,1,0.351452061484051,1,0.730622198143543,0.166787837833264
59,1,-1.1269568791656,1,-1.27823460473967,0,0,0
59,2,-1.1269568791656,1,-1.22408812439675,1,-1.27823460473967,0
59,3,-1.1269568791656,0,-1.0977450752333,1,-1.22408812439675,-0.794397164575075
60,1,1.15755122072243,0,1.1456360074839,0,0,0
60,2,1.15755122072243,0,1.02707803216283,0,1.1456360074839,0
60,3,1.15755122072243,1,0.837762429555583,0,1.02707803216283,0.504339720656732
61,1,-0.347342354230272,0,-0.455379175207194,0,0,0
61,2,-0.347342354230272,0,-0.221383288847606,0,-0.455379175207194,0
61,3,-0.347342354230272,1,-0.0970302371238497,0,-0.221383288847606,-0.462395879174878
62,1,0.696741375821424,1,0.248881249550603,0,0,0
62,2,0.696741375821424,1,0.0327524086110158,1,0.248881249550603,0
62,3,0.696741375821424,1,-0.113459810390611,1,0.0327524086110158,-0.243869568384903
63,1,1.27388780574213,1,0.347966553490509,0,0,0
63,2,1.27388780574213,1,0.192300190140277,1,0.347966553490509,0
63,3,1.27388780574213,0,0.0598784030852584,1,0.192300190140277,0.520972631361244
64,1,-0.714993048006989,0,0.0797010587233682,0,0,0
64,2,-0.714993048006989,0,0.0478658382473002,0,0.0797010587233682,0
64,3,-0.714993048006989,0,0.0076631594624557,0,0.0478658382473002,0.0479124778729324
65,1,1.26954326088787,0,0.0269210291104789,0,0,0
65,2,1.26954326088787,0,0.352513392399435,0,0.0269210291104789,0
65,3,1.26954326088787,1,0.462193824115975,0,0.352513392399435,0.273591317794195
66,1,0.266546365936325,1,-0.589459067017401,0,0,0
66,2,0.266546365936325,0,-0.560151739341613,1,-0.589459067017401,0
66,3,0.266546365936325,0,-0.20757151758705,0,-0.560151739341613,0.117491568546798
67,1,-0.242997736642971,0,-0.548217823478475,0,0,0
67,2,-0.242997736642971,0,-0.26120466578596,0,-0.548217823478475,0
67,3,-0.242997736642971,1,-0.105518389285873,0,-0.26120466578596,-0.445212006775847
68,1,-0.302559135478288,1,0.549026837360125,0,0,0
68,2,-0.302559135478288,0,0.0489615861319682,1,0.549026837360125,0
68,3,-0.302559135478288,0,0.0660394409895811,0,0.0489615861319682,0.178343810067692
69,1,0.878822895291964,0,0.920782249591431,0,0,0
69,2,0.878822895291964,0,0.840284886946321,0,0.920782249591431,0
69,3,0.878822895291964,0,0.690400439769741,0,0.840284886946321,0.862813336007656
70,1,0.832629973897545,1,-0.137229258824476,0,0,0
70,2,0.832629973897545,1,-0.183535044908593,1,-0.137229258824476,0
70,3,0.832629973897545,0,-0.219882129701327,1,-0.183535044908593,0.233658746060557
71,1,-0.651689753371314,0,-0.056349842596676,0,0,0
71,2,-0.651689753371314,0,-0.0257241604830626,0,-0.056349842596676,0
71,3,-0.651689753371314,1,-0.0261565785521603,0,-0.0257241604830626,-0.481158219157158
72,1,1.43154995977624,1,1.34230444168011,0,0,0
72,2,1.43154995977624,1,0.835592247003629,1,1.34230444168011,0
72,3,1.43154995977624,1,0.455060497630778,1,0.835592247003629,0.304382129539702
73,1,1.15939017961207,1,0.0298635114444978,0,0,0
73,2,1.15939017961207,0,-0.024388292370359,1,0.0298635114444978,0
73,3,1.15939017961207,0,0.228169415570882,0,-0.024388292370359,0.610221042102856
74,1,-2.29880586184437,0,-1.50704647607405,0,0,0
74,2,-2.29880586184437,1,-1.20516581167945,0,-1.50704647607405,0
74,3,-2.29880586184437,1,-1.25082899143229,1,-1.20516581167945,-1.67630100377972
75,1,0.925607269479407,0,0.313127930605882,0,0,0
75,2,0.925607269479407,1,0.471492552787146,0,0.313127930605882,0
75,3,0.925607269479407,1,0.173050698343662,1,0.471492552787146,0.00130807415915954
76,1,0.379349087848528,1,0.627394475625259,0,0,0
76,2,0.379349087848528,1,0.21347391982191,1,0.627394475625259,0
76,3,0.379349087848528,1,-0.0530762542044981,1,0.21347391982191,-0.272635053532382
77,1,-0.571953857504436,0,-0.553087631941986,0,0,0
77,2,-0.571953857504436,1,-0.320146487579785,0,-0.553087631941986,0
77,3,-0.571953857504436,1,-0.495758502846896,1,-0.320146487579785,-0.782945630586866
78,1,-0.713383823112237,0,-0.353410492976711,0,0,0
78,2,-0.713383823112237,0,-0.220389755574641,0,-0.353410492976711,0
78,3,-0.713383823112237,0,-0.147699793469005,0,-0.220389755574641,-0.0573803006436157
79,1,1.29724109581932,1,0.408904445507394,0,0,0
79,2,1.29724109581932,1,0.234051742503868,1,0.408904445507394,0
79,3,1.29724109581932,1,0.0873637640669475,1,0.234051742503868,0.0248004006457738
80,1,-1.28351402268373,0,-0.760213235039522,0,0,0
80,2,-1.28351402268373,1,-0.569529589580738,0,-0.760213235039522,0
80,3,-1.28351402268373,1,-0.74001912513255,1,-0.569529589580738,-1.10558609008055
81,1,3.16244097704674,1,1.4020636390863,0,0,0
81,2,3.16244097704674,1,1.16689442233145,1,1.4020636390863,0
81,3,3.16244097704674,1,0.889540501738786,1,1.16689442233145,0.980624556132657
82,1,-0.502706804370889,1,0.209530498114645,0,0,0
82,2,-0.502706804370889,1,-0.195551247911971,1,0.209530498114645,0
82,3,-0.502706804370889,0,-0.413798676400868,1,-0.195551247911971,-0.191978596914186
83,1,-0.00234812799796501,0,0.60253202557357,0,0,0
83,2,-0.00234812799796501,1,0.493170674095959,0,0.60253202557357,0
83,3,-0.00234812799796501,1,0.0557102530559414,1,0.493170674095959,-0.282633616081512
84,1,-0.19009715020701,0,-0.281574971448678,0,0,0
84,2,-0.19009715020701,0,-0.0868929978333721,0,-0.281574971448678,0
84,3,-0.19009715020701,1,0.0029884602276628,0,-0.0868929978333721,-0.359789220090731
85,1,0.371698863073172,0,0.281412428357421,0,0,0
85,2,0.371698863073172,1,0.35766451230404,0,0.281412428357421,0
85,3,0.371698863073172,0,0.0294832579665873,1,0.35766451230404,0.301822365293377
86,1,-0.116977386041679,0,-0.523649091707449,0,0,0
86,2,-0.116977386041679,1,-0.224548592485703,0,-0.523649091707449,0
86,3,-0.116977386041679,1,-0.376615017687543,1,-0.224548592485703,-0.601833236956699
87,1,-1.3897096099177,1,-0.79588132865986,0,0,0
87,2,-1.3897096099177,0,-0.969697057455123,1,-0.79588132865986,0
87,3,-1.3897096099177,1,-0.676983638712449,0,-0.969697057455123,-1.08608498850636
88,1,-1.26721215600578,0,-1.12907898437271,0,0,0
88,2,-1.26721215600578,0,-0.795455036832064,0,-1.12907898437271,0
88,3,-1.26721215600578,1,-0.558773623203406,0,-0.795455036832064,-0.978752738099588
89,1,-0.458197741634125,0,-0.21064805038796,0,0,0
89,2,-0.458197741634125,0,-0.0884954073183365,0,-0.21064805038796,0
89,3,-0.458197741634125,0,-0.0354750200734126,0,-0.0884954073183365,0.075073483190572
90,1,1.86520411247744,1,0.911764553336666,0,0,0
90,2,1.86520411247744,1,0.642378722189897,1,0.911764553336666,0
90,3,1.86520411247744,1,0.403708234616981,1,0.642378722189897,0.364866504284583
91,1,-1.02343493728557,0,-1.59604056096359,0,0,0
91,2,-1.02343493728557,0,-1.04352908713597,0,-1.59604056096359,0
91,3,-1.02343493728557,0,-0.668527761758843,0,-1.04352908713597,-0.479754564198839
92,1,-1.29016698109158,0,-0.400857198941686,0,0,0
92,2,-1.29016698109158,0,-0.347859850129414,0,-0.400857198941686,0
92,3,-1.29016698109158,1,-0.302382090427882,0,-0.347859850129414,-0.809456557331108
93,1,1.0641529986625,1,0.453185112376359,0,0,0
93,2,1.0641529986625,0,0.221880779445967,1,0.453185112376359,0
93,3,1.0641529986625,1,0.357672271891411,0,0.221880779445967,0.157330804591909
94,1,-0.329594811993346,0,-0.178043878421468,0,0,0
94,2,-0.329594811993346,1,-0.046418322660179,0,-0.178043878421468,0
94,3,-0.329594811993346,0,-0.303065900821972,1,-0.046418322660179,-0.0785956711974773
95,1,-0.521792654438042,1,-0.385574336190988,0,0,0
95,2,-0.521792654438042,0,-0.56776083969288,1,-0.385574336190988,0
95,3,-0.521792654438042,1,-0.322352258643196,0,-0.56776083969288,-0.653993919853743
96,1,-0.483538441839232,1,-0.89245861672237,0,0,0
96,2,-0.483538441839232,0,-0.875525877480539,1,-0.89245861672237,0
96,3,-0.483538441839232,0,-0.495500390796205,0,-0.875525877480539,-0.24331872294605
97,1,-1.54678104745436,0,-0.921437588488833,0,0,0
97,2,-1.54678104745436,1,-0.714244082930318,0,-0.921437588488833,0
97,3,-1.54678104745436,1,-0.860810914743195,1,-0.714244082930318,-1.24564325246533
98,1,-0.541642567186891,0,0.144797525797115,0,0,0
98,2,-0.541642567186891,1,0.11769522957244,0,0.144797525797115,0
98,3,-0.541642567186891,0,-0.23756672625415,1,0.11769522957244,-0.0807067386339378
99,1,-2.30395495265032,0,-1.33793912579074,0,0,0
99,2,-2.30395495265032,0,-1.10119459994081,0,-1.33793912579074,0
99,3,-2.30395495265032,1,-0.881246561336717,0,-1.10119459994081,-1.42611775129204
100,1,-0.333404744531253,0,-0.731376308072266,0,0,0
100,2,-0.333404744531253,1,-0.390132117575118,0,-0.731376308072266,0
100,3,-0.333404744531253,1,-0.502953292427944,1,-0.390132117575118,-0.735357282647877
101,1,-0.890210274717205,0,-0.0212695599840362,0,0,0
101,2,-0.890210274717205,1,-0.0445228738920274,0,-0.0212695599840362,0
101,3,-0.890210274717205,1,-0.380452705317785,1,-0.0445228738920274,-0.774554100053879
102,1,-0.38427311164367,0,-0.792511108220112,0,0,0
102,2,-0.38427311164367,1,-0.436683316075894,0,-0.792511108220112,0
102,3,-0.38427311164367,1,-0.537074558954132,1,-0.436683316075894,-0.769750784650417
103,1,-0.209135484055696,0,-0.821114646213733,0,0,0
103,2,-0.209135484055696,1,-0.424644112941983,0,-0.821114646213733,0
103,3,-0.209135484055696,1,-0.505572553274148,1,-0.424644112941983,-0.709799142718674
104,1,-0.607871476444819,0,-0.0700633092295408,0,0,0
104,2,-0.607871476444819,1,-0.0267774027179346,0,-0.0700633092295408,0
104,3,-0.607871476444819,1,-0.330632900278677,1,-0.0267774027179346,-0.67856209700736
105,1,2.61695134601347,1,1.78185041055141,0,0,0
105,2,2.61695134601347,1,1.30962898336417,1,1.78185041055141,0
105,3,2.61695134601347,1,0.895957998793103,1,1.30962898336417,0.864980735302274
106,1,0.831235393250347,0,1.05540965066048,0,0,0
106,2,0.831235393250347,0,0.915664000262057,0,1.05540965066048,0
106,3,0.831235393250347,1,0.727458075207042,0,0.915664000262057,0.357543277655865
107,1,0.401720670034736,0,0.513307357696032,0,0,0
107,2,0.401720670034736,1,0.506543075677445,0,0.513307357696032,0
107,3,0.401720670034736,1,0.120035877697781,1,0.506543075677445,-0.149997055757867
108,1,-2.07117439390924,0,-1.59082683916572,0,0,0
108,2,-2.07117439390924,0,-1.21841228724732,0,-1.59082683916572,0
108,3,-2.07117439390924,0,-0.916643541750738,0,-1.21841228724732,-0.878975975050534
109,1,0.83875761740996,0,-0.532899040793591,0,0,0
109,2,0.83875761740996,0,-0.0678086103323332,0,-0.532899040793591,0
109,3,0.83875761740996,1,0.158097072444641,0,-0.0678086103323332,-0.0279673149074528
110,1,-0.529530353073239,0,-0.273699083710022,0,0,0
110,2,-0.529530353073239,0,-0.139713591922664,0,-0.273699083710022,0
110,3,-0.529530353073239,1,-0.0751681327453987,0,-0.139713591922664,-0.487611007942984
111,1,-0.605420202061623,0,-1.06014097426029,0,0,0
111,2,-0.605420202061623,0,-0.640208838391857,0,-1.06014097426029,0
111,3,-0.605420202061623,0,-0.376079954555904,0,-0.640208838391857,-0.188926813551572
112,1,-0.461738013532024,1,-1.04371584640669,0,0,0
112,2,-0.461738013532024,0,-0.965599287072589,1,-1.04371584640669,0
112,3,-0.461738013532024,0,-0.544690908396585,0,-0.965599287072589,-0.271972180686723
113,1,-0.860467140683654,0,-0.610198929860261,0,0,0
113,2,-0.860467140683654,0,-0.404602750429583,0,-0.610198929860261,0
113,3,-0.860467140683654,1,-0.27513499494487,0,-0.404602750429583,-0.696394567512915
114,1,-0.567712890802563,0,-0.844885655863781,0,0,0
114,2,-0.567712890802563,0,-0.50034029807198,0,-0.844885655863781,0
114,3,-0.567712890802563,0,-0.289677177594107,0,-0.50034029807198,-0.121877316740557
115,1,-1.08707632102025,0,-0.597015837613951,0,0,0
115,2,-1.08707632102025,0,-0.434952793894092,0,-0.597015837613951,0
115,3,-1.08707632102025,0,-0.324463305401409,0,-0.434952793894092,-0.259791838297413
116,1,0.333059254188545,1,0.438448677048885,0,0,0
116,2,0.333059254188545,1,0.0884582529823615,1,0.438448677048885,0
116,3,0.333059254188545,1,-0.132065917683834,1,0.0884582529823615,-0.336531788103527
117,1,0.892918346892499,1,0.17674605089606,0,0,0
117,2,0.892918346892499,0,0.0213786705272822,1,0.17674605089606,0
117,3,0.892918346892499,1,0.217408197470774,0,0.0213786705272822,0.0242796105964759
118,1,0.536934572243312,0,-0.273003723471007,0,0,0
118,2,0.536934572243312,1,0.0420165687293387,0,-0.273003723471007,0
118,3,0.536934572243312,1,-0.13045955002292,1,0.0420165687293387,-0.290586888122057
119,1,0.271465040611078,1,-0.352466304345021,0,0,0
119,2,0.271465040611078,1,-0.41238005179003,1,-0.352466304345021,0
119,3,0.271465040611078,1,-0.431175324352666,1,-0.41238005179003,-0.553476911625376
120,1,-0.307206243645683,0,-0.654522602170877,0,0,0
120,2,-0.307206243645683,1,-0.33802907476571,0,-0.654522602170877,0
120,3,-0.307206243645683,0,-0.469065737474507,1,-0.33802907476571,-0.186550075084715
121,1,-0.555701023538392,0,-0.291016631971826,0,0,0
121,2,-0.555701023538392,0,-0.154899485824059,0,-0.291016631971826,0
121,3,-0.555701023538392,1,-0.0876398450733292,0,-0.154899485824059,-0.50184931982831
122,1,0.360935477437254,0,0.0411147101884,0,0,0
122,2,0.360935477437254,0,0.206850151481141,0,0.0411147101884,0
122,3,0.360935477437254,1,0.250504054700277,0,0.206850151481141,-0.0702514377676154
123,1,1.11862522643335,0,0.32237375131356,0,0,0
123,2,1.11862522643335,1,0.510038014308076,0,0.32237375131356,0
123,3,1.11862522643335,0,0.222429579999353,1,0.510038014308076,0.597349664214896
124,1,-0.813521797992546,0,0.0414353725333354,0,0,0
124,2,-0.813521797992546,1,0.00739122531193512,0,0.0414353725333354,0
124,3,-0.813521797992546,0,-0.339606141038034,1,0.00739122531193512,-0.209906971464223
125,1,-0.978283629902993,1,0.0260917308844011,0,0,0
125,2,-0.978283629902993,0,-0.39013134393518,1,0.0260917308844011,0
125,3,-0.978283629902993,0,-0.283235887668823,0,-0.39013134393518,-0.207822802193458
126,1,1.39161189900863,1,1.32591014852155,0,0,0
126,2,1.39161189900863,1,0.818638314914831,1,1.32591014852155,0
126,3,1.39161189900863,0,0.43963588851181,1,0.818638314914831,0.805107021969929
127,1,0.320486172684986,1,-0.240978647623688,0,0,0
127,2,0.320486172684986,0,-0.334924112170239,1,-0.240978647623688,0
127,3,0.320486172684986,1,-0.0693879208828405,0,-0.334924112170239,-0.296676828209635
128,1,-0.764719827232884,0,0.032961612819746,0,0,0
128,2,-0.764719827232884,0,0.0104338293186521,0,0.032961612819746,0
128,3,-0.764719827232884,0,-0.0210091548077856,0,0.0104338293186521,0.0174754127394713
129,1,0.295543724372873,0,-0.496955394180592,0,0,0
129,2,0.295543724372873,1,-0.137869911248579,0,-0.496955394180592,0
129,3,0.295543724372873,0,-0.268588427111974,1,-0.137869911248579,0.08237948892589
130,1,0.19567812682998,0,-0.0570874539458729,0,0,0
130,2,0.19567812682998,1,0.117871060114655,0,-0.0570874539458729,0
130,3,0.19567812682998,0,-0.134239847377303,1,0.117871060114655,0.15176609168603
131,1,-1.28314040312855,0,-0.557586319737532,0,0,0
131,2,-1.28314040312855,0,-0.443837386769124,0,-0.557586319737532,0
131,3,-1.28314040312855,1,-0.357065340764089,0,-0.443837386769124,-0.845095320407862
132,1,-0.0355634746249536,1,0.526761572133844,0,0,0
132,2,-0.0355634746249536,1,0.0805463840367412,1,0.526761572133844,0
132,3,-0.0355634746249536,1,-0.188261983706184,1,0.0805463840367412,-0.455842113337695
133,1,2.46549800355515,1,-0.265357809881082,0,0,0
133,2,2.46549800355515,1,0.0146128184781045,1,-0.265357809881082,0
133,3,2.46549800355515,1,0.123645155215021,1,0.0146128184781045,0.306488266328347
134,1,0.452762971531408,1,-0.566370218384018,0,0,0
134,2,0.452762971531408,0,-0.514179830237752,1,-0.566370218384018,0
134,3,0.452762971531408,1,-0.154837485523499,0,-0.514179830237752,-0.325681636419069
135,1,2.22479141349448,0,0.135020112792422,0,0,0
135,2,2.22479141349448,0,0.581927010225363,0,0.135020112792422,0
135,3,2.22479141349448,0,0.728988463819938,0,0.581927010225363,1.18516626636634
136,1,-2.09702084763245,0,-0.948298226311213,0,0,0
136,2,-2.09702084763245,1,-0.824438444410469,0,-0.948298226311213,0
136,3,-2.09702084763245,0,-1.00175721642661,1,-0.824438444410469,-0.942539493649237
137,1,-0.0474073388878791,0,0.455304060357682,0,0,0
137,2,-0.0474073388878791,1,0.394229269810823,0,0.455304060357682,0
137,3,-0.0474073388878791,0,-0.00798405095402556,1,0.394229269810823,0.184141230795929
138,1,0.124612710000095,1,-0.662183876122147,0,0,0
138,2,0.124612710000095,0,-0.629369842495715,1,-0.662183876122147,0
138,3,0.124612710000095,0,-0.267588729247501,0,-0.629369842495715,0.0454544603117201
139,1,0.266294946511412,0,0.269774483129787,0,0,0
139,2,0.266294946511412,1,0.332530320447408,0,0.269774483129787,0
139,3,0.266294946511412,1,0.000148878371094424,1,0.332530320447408,-0.261313874475145
140,1,-1.22205471741835,0,-0.430856756800482,0,0,0
140,2,-1.22205471741835,1,-0.354880491177418,0,-0.430856756800482,0
140,3,-1.22205471741835,0,-0.606918345321471,1,-0.354880491177418,-0.481556512650636
141,1,-1.32030500178657,0,-1.11278316076735,0,0,0
141,2,-1.32030500178657,1,-0.794377409979471,0,-1.11278316076735,0
141,3,-1.32030500178657,0,-0.875581598038213,1,-0.794377409979471,-0.685862587059031
142,1,0.380788467008999,1,-0.288761507055378,0,0,0
142,2,0.380788467008999,0,-0.354298094982805,1,-0.288761507055378,0
142,3,0.380788467008999,0,-0.0721825097087669,0,-0.354298094982805,0.234689356140018
143,1,-0.185566234326341,0,0.381621417700677,0,0,0
143,2,-0.185566234326341,0,0.325059019138942,0,0.381621417700677,0
143,3,-0.185566234326341,0,0.242554958294898,0,0.325059019138942,0.324112800088736
144,1,-0.600859957116395,0,-0.188790461502967,0,0,0
144,2,-0.600859957116395,0,-0.0991962788416266,0,-0.188790461502967,0
144,3,-0.600859957116395,1,-0.0616542357244388,0,-0.0991962788416266,-0.494114070858225
145,1,1.22182998355113,0,0.450915757211181,0,0,0
145,2,1.22182998355113,1,0.607278866674625,0,0.450915757211181,0
145,3,1.22182998355113,1,0.293277940368441,1,0.607278866674625,0.148231595831789
146,1,0.178913234248407,1,0.177125899792977,0,0,0
146,2,0.178913234248407,1,-0.0997666923061251,1,0.177125899792977,0
146,3,0.178913234248407,0,-0.262816828742776,1,-0.0997666923061251,0.0606454679895623
147,1,-0.487531076250259,0,-0.754485925230574,0,0,0
147,2,-0.487531076250259,0,-0.4306615566055,0,-0.754485925230574,0
147,3,-0.487531076250259,0,-0.238038053506226,0,-0.4306615566055,-0.0691227131592907
148,1,-1.76074445333143,0,-0.885131078415679,0,0,0
148,2,-1.76074445333143,0,-0.728107825684064,0,-0.885131078415679,0
148,3,-1.76074445333143,0,-0.588806762363157,0,-0.728107825684064,-0.58775237813986
149,1,0.155698093980092,1,-0.592408886314367,0,0,0
149,2,0.155698093980092,0,-0.580824833538292,1,-0.592408886314367,0
149,3,0.155698093980092,1,-0.235080670294996,0,-0.580824833538292,-0.445601275124977
150,1,-1.72752796201781,0,-1.74003339723512,0,0,0
150,2,-1.72752796201781,0,-1.2525004598288,0,-1.74003339723512,0
150,3,-1.72752796201781,0,-0.888304181383197,0,-1.2525004598288,-0.784102994984492
151,1,0.647526018843798,0,1.22516546637652,0,0,0
151,2,0.647526018843798,1,0.989682012356886,0,1.22516546637652,0
151,3,0.647526018843798,1,0.434669209805126,1,0.989682012356886,0.118030786813121
152,1,-0.589309202411707,0,0.573743929092929,0,0,0
152,2,-0.589309202411707,0,0.375538671627626,0,0.573743929092929,0
152,3,-0.589309202411707,0,0.215309141206384,0,0.375538671627626,0.216762191489765
153,1,-0.189885918858332,0,0.458552179448182,0,0,0
153,2,-0.189885918858332,1,0.372021745051956,0,0.458552179448182,0
153,3,-0.189885918858332,0,-0.0408114165100318,1,0.372021745051956,0.130473334624345
154,1,-0.0784817726972188,0,0.0855072831781011,0,0,0
154,2,-0.0784817726972188,0,0.159672614211895,0,0.0855072831781011,0
154,3,-0.0784817726972188,1,0.161622668065289,0,0.159672614211895,-0.227362575708992
155,1,-0.40137970420075,0,0.0772683630961404,0,0,0
155,2,-0.40137970420075,0,0.0996718354054796,0,0.0772683630961404,0
155,3,-0.40137970420075,0,0.0816165059470731,0,0.0996718354054796,0.167195689119845
156,1,2.36503548311387,1,0.98803283043673,0,0,0
156,2,2.36503548311387,0,0.77463638700013,1,0.98803283043673,0
156,3,2.36503548311387,0,0.860394072096017,0,0.77463638700013,1.30537577531034
157,1,-0.962492250308152,1,-0.159940569492759,0,0,0
157,2,-0.962492250308152,0,-0.502786835637897,1,-0.159940569492759,0
157,3,-0.962492250308152,0,-0.346365279713121,0,-0.502786835637897,-0.247276685272716
158,1,-0.421447831405774,0,0.0803231082992972,0,0,0
158,2,-0.421447831405774,0,0.0981541958065826,0,0.0803231082992972,0
158,3,-0.421447831405774,1,0.0779267371710095,0,0.0981541958065826,-0.359728341632984
159,1,1.01518883455834,1,0.26730280311898,0,0,0
159,2,1.01518883455834,0,0.0983098398086861,1,0.26730280311898,0
159,3,1.01518883455834,1,0.279146143927206,0,0.0983098398086861,0.0931609214733358
160,1,-0.663291834412075,0,-0.286815356745875,0,0,0
160,2,-0.663291834412075,0,-0.170585133032495,0,-0.286815356745875,0
160,3,-0.663291834412075,0,-0.111800233976538,0,-0.170585133032495,-0.021948362674702
161,1,0.719427300470556,1,1.1070920764304,0,0,0
161,2,0.719427300470556,1,0.568699728466843,1,1.1070920764304,0
161,3,0.719427300470556,0,0.200565664576647,1,0.568699728466843,0.494658658015642
162,1,0.895985785782063,1,0.354323143086387,0,0,0
162,2,0.895985785782063,0,0.131997932296511,1,0.354323143086387,0
162,3,0.895985785782063,0,0.281996810741465,0,0.131997932296511,0.58887470417625
163,1,-0.317583025167324,0,0.252843666737856,0,0,0
163,2,-0.317583025167324,1,0.222773959099026,0,0.252843666737856,0
163,3,-0.317583025167324,0,-0.145252727245991,1,0.222773959099026,0.0313598799359152
164,1,-0.680533159294303,0,-0.432318522631752,0,0,0
164,2,-0.680533159294303,0,-0.263728121111718,0,-0.432318522631752,0
164,3,-0.680533159294303,1,-0.168236952545999,0,-0.263728121111718,-0.584118422776026
165,1,0.353150759243548,0,0.681529680408016,0,0,0
165,2,0.353150759243548,0,0.602584030924373,0,0.681529680408016,0
165,3,0.353150759243548,1,0.478939844230233,0,0.602584030924373,0.0833722611101394
166,1,1.52988086608647,1,0.773317077557329,0,0,0
166,2,1.52988086608647,0,0.499536335320244,1,0.773317077557329,0
166,3,1.52988086608647,0,0.583914395737848,0,0.499536335320244,0.93363557964076
167,1,0.0299014597693779,0,-0.17065217063802,0,0,0
167,2,0.0299014597693779,0,0.0192789023652216,0,-0.17065217063802,0
167,3,0.0299014597693779,1,0.0953679677395414,0,0.0192789023652216,-0.248571460787849
168,1,1.17163957011976,1,0.52550433290614,0,0,0
168,2,1.17163957011976,0,0.284991413322166,1,0.52550433290614,0
168,3,1.17163957011976,1,0.409324559543623,0,0.284991413322166,0.216101405916011
169,1,-1.38644123598372,0,-0.820290190403973,0,0,0
169,2,-1.38644123598372,0,-0.624274928167695,0,-0.820290190403973,0
169,3,-1.38644123598372,1,-0.476181231374983,0,-0.624274928167695,-0.948820309251406
170,1,-0.286082351539695,0,-0.695955654147461,0,0,0
170,2,-0.286082351539695,1,-0.360126505333174,0,-0.695955654147461,0
170,3,-0.286082351539695,0,-0.478924902308798,1,-0.360126505333174,-0.188607050908716
171,1,-0.62668998959157,0,-0.550894839262367,0,0,0
171,2,-0.62668998959157,0,-0.328092098573235,0,-0.550894839262367,0
171,3,-0.62668998959157,0,-0.198030015715296,0,-0.328092098573235,-0.0725322083965467
172,1,-0.174156602938244,0,-0.0424471641960862,0,0,0
172,2,-0.174156602938244,1,0.0640761356989251,0,-0.0424471641960862,0
172,3,-0.174156602938244,0,-0.217217765705978,1,0.0640761356989251,0.0139774666735216
173,1,-2.24820899558881,0,-0.959449223476497,0,0,0
173,2,-2.24820899558881,1,-0.857054047805526,0,-0.959449223476497,0
173,3,-2.24820899558881,0,-1.04184060710964,1,-0.857054047805526,-1.00305759186409
174,1,0.635486946797129,0,1.36932836090998,0,0,0
174,2,0.635486946797129,0,1.0770163647197,0,1.36932836090998,0
174,3,0.635486946797129,1,0.793637664089024,0,1.0770163647197,0.359480739875904
175,1,0.657039951826799,1,0.291155227835569,0,0,0
175,2,0.657039951826799,1,0.0522130330686086,1,0.291155227835569,0
175,3,0.657039951826799,0,-0.107730847564455,1,0.0522130330686086,0.271291813058066
176,1,1.28047655947175,1,0.443366614262201,0,0,0
176,2,1.28047655947175,0,0.252568315952763,1,0.443366614262201,0
176,3,1.28047655947175,0,0.405756341578648,0,0.252568315952763,0.757619155357267
177,1,-0.349205381948281,1,0.0921126741684168,0,0,0
177,2,-0.349205381948281,1,-0.242255056946789,1,0.0921126741684168,0
177,3,-0.349205381948281,0,-0.419396686501897,1,-0.242255056946789,-0.162014930849912
178,1,-0.243965546480622,0,-0.548828536392671,0,0,0
178,2,-0.243965546480622,1,-0.261747835465162,0,-0.548828536392671,0
178,3,-0.243965546480622,0,-0.415968921077081,1,-0.261747835465162,-0.136531286558152
179,1,0.20978096057951,1,-0.675705589930719,0,0,0
179,2,0.20978096057951,0,-0.623274702458529,1,-0.675705589930719,0
179,3,0.20978096057951,1,-0.252129992944815,0,-0.623274702458529,-0.445296583874982
180,1,1.93846107555265,1,0.860173424461683,0,0,0
180,2,1.93846107555265,1,0.622845906010195,1,0.860173424461683,0
180,3,1.93846107555265,1,0.402635176063284,1,0.622845906010195,0.380253356344617
181,1,1.16451804010177,0,0.142220000985019,0,0,0
181,2,1.16451804010177,0,0.406144467428013,0,0.142220000985019,0
181,3,1.16451804010177,0,0.478596316722496,0,0.406144467428013,0.781639464193687
182,1,1.30869414820008,0,0.473485546695145,0,0,0
182,2,1.30869414820008,0,0.636039044145004,0,0.473485546695145,0
182,3,1.30869414820008,1,0.632119826352114,0,0.636039044145004,0.397754194523455
183,1,-0.458373591649454,0,-0.731199689261146,0,0,0
183,2,-0.458373591649454,1,-0.411267317922317,0,-0.731199689261146,0
183,3,-0.458373591649454,0,-0.532707347225868,1,-0.411267317922317,-0.26308318627647
184,1,0.502736369489395,0,-0.638536511486984,0,0,0
184,2,0.502736369489395,1,-0.190427454308733,0,-0.638536511486984,0
184,3,0.502736369489395,0,-0.27006483177055,1,-0.190427454308733,0.126957915683693
185,1,1.55096015909273,0,0.769789857170226,0,0,0
185,2,1.55096015909273,1,0.860932938491304,0,0.769789857170226,0
185,3,1.55096015909273,1,0.486475526597939,1,0.860932938491304,0.352014593087
186,1,0.374732552939856,0,0.124858777851785,0,0,0
186,2,0.374732552939856,0,0.261116976267882,0,0.124858777851785,0
186,3,0.374732552939856,1,0.283910403646952,0,0.261116976267882,-0.0444997638733044
187,1,0.326844179842906,0,-0.383382661177521,0,0,0
187,2,0.326844179842906,1,-0.0621337393567692,0,-0.383382661177521,0
187,3,0.326844179842906,1,-0.220279383648919,1,-0.0621337393567692,-0.397884261315826
188,1,-0.517500566115966,1,-0.826756188219439,0,0,0
188,2,-0.517500566115966,1,-0.840563932935766,1,-0.826756188219439,0
188,3,-0.517500566115966,1,-0.78997716035898,1,-0.840563932935766,-0.971034593589619
189,1,-0.226610430367749,1,-0.205797486942513,0,0,0
189,2,-0.226610430367749,0,-0.406118215066876,1,-0.205797486942513,0
189,3,-0.226610430367749,0,-0.187274024990273,0,-0.406118215066876,0.0227993683257098
190,1,-1.56256545537027,0,-0.703799478840963,0,0,0
190,2,-1.56256545537027,0,-0.581991804294343,0,-0.703799478840963,0
190,3,-1.56256545537027,0,-0.476314410242557,0,-0.581991804294343,-0.467658199146398
191,1,0.326024948412146,1,0.495281409739521,0,0,0
191,2,0.326024948412146,0,0.122498715268568,1,0.495281409739521,0
191,3,0.326024948412146,0,0.19669274763347,0,0.122498715268568,0.405476557041432
192,1,0.28409669176493,0,0.182991067265498,0,0,0
192,2,0.28409669176493,0,0.281750899304647,0,0.182991067265498,0
192,3,0.28409669176493,0,0.283189058443786,0,0.281750899304647,0.455069831930059
193,1,-0.681514869577198,1,-0.505749604705927,0,0,0
193,2,-0.681514869577198,0,-0.669422282745798,1,-0.505749604705927,0
193,3,-0.681514869577198,0,-0.403677005733371,0,-0.669422282745798,-0.224433635205676
194,1,1.37868949881256,1,1.3925886580853,0,0,0
194,2,1.37868949881256,0,0.857782182811019,1,1.3925886580853,0
194,3,1.37868949881256,0,0.770530195864149,0,0.857782182811019,1.02727222292638
195,1,0.676272409449846,0,-0.340386662987713,0,0,0
195,2,0.676272409449846,0,0.0239265785540919,0,-0.340386662987713,0
195,3,0.676272409449846,0,0.188555552884352,0,0.0239265785540919,0.476997706040325
196,1,0.223650141194528,1,-0.191653932400606,0,0,0
196,2,0.223650141194528,0,-0.320804914085306,1,-0.191653932400606,0
196,3,0.223650141194528,1,-0.0747558304022435,0,-0.320804914085306,-0.321630933610729
197,1,-0.187210013961461,0,-0.847023065280833,0,0,0
197,2,-0.187210013961461,0,-0.436980002847565,0,-0.847023065280833,0
197,3,-0.187210013961461,1,-0.199657803606192,0,-0.436980002847565,-0.496953509523732
198,1,-0.828711525841397,1,-0.41262606375076,0,0,0
198,2,-0.828711525841397,1,-0.636709118918509,1,-0.41262606375076,0
198,3,-0.828711525841397,1,-0.715310902590531,1,-0.636709118918509,-0.988727949446668
199,1,0.319356151886674,0,-0.0284018983893689,0,0,0
199,2,0.319356151886674,0,0.156681368819326,0,-0.0284018983893689,0
199,3,0.319356151886674,0,0.215585055179343,0,0.156681368819326,0.416856190937022
200,1,-0.48285134693883,0,-0.145120286251764,0,0,0
200,2,-0.48285134693883,0,-0.0520593064556951,0,-0.145120286251764,0
200,3,-0.48285134693883,1,-0.0177935863157394,0,-0.0520593064556951,-0.438326935021245
201,1,-0.381194987451581,1,-0.219107831739202,0,0,0
201,2,-0.381194987451581,1,-0.440650003545074,1,-0.219107831739202,0
201,3,-0.381194987451581,0,-0.538944300299364,1,-0.440650003545074,-0.250345021442916
202,1,-0.80218734011145,1,-0.0633385866046964,0,0,0
202,2,-0.80218734011145,0,-0.415641771513858,1,-0.0633385866046964,0
202,3,-0.80218734011145,1,-0.273378455093641,0,-0.415641771513858,-0.682378564288195
203,1,1.21737533873897,0,0.11230777748192,0,0,0
203,2,1.21737533873897,0,0.396584629624416,0,0.11230777748192,0
203,3,1.21737533873897,0,0.480451632605617,0,0.396584629624416,0.794529684694394
204,1,1.18689037193251,1,0.155569476629013,0,0,0
204,2,1.18689037193251,1,0.0582244387385142,1,0.155569476629013,0
204,3,1.18689037193251,1,-0.030065173461111,1,0.0582244387385142,-0.0793284361284043
205,1,1.69224062083799,1,0.117500930347136,0,0,0
205,2,1.69224062083799,0,0.120531482357682,1,0.117500930347136,0
205,3,1.69224062083799,1,0.386821946684774,0,0.120531482357682,0.315331860330003
206,1,-0.768511089853274,0,-0.747065655342493,0,0,0
206,2,-0.768511089853274,1,-0.473827591587402,0,-0.747065655342493,0
206,3,-0.768511089853274,0,-0.612411555700151,1,-0.473827591587402,-0.385512297643823
207,1,-0.119022664957619,0,-0.271087885614376,0,0,0
207,2,-0.119022664957619,1,-0.0683083421237081,0,-0.271087885614376,0
207,3,-0.119022664957619,0,-0.286282011525817,1,-0.0683083421237081,-0.0208567541282319
208,1,-2.31802309041421,0,-1.13454234266788,0,0,0
208,2,-2.31802309041421,0,-0.977480177824501,0,-1.13454234266788,0
208,3,-2.31802309041421,0,-0.8114617357962,0,-0.977480177824501,-0.861759060232541
209,1,0.811989856236476,1,0.182597960956043,0,0,0
209,2,0.811989856236476,1,0.0112490113529474,1,0.182597960956043,0
209,3,0.811989856236476,1,-0.109796993542184,1,0.0112490113529474,-0.21602418723666
210,1,-0.308260717420841,0,0.259824953479796,0,0,0
210,2,-0.308260717420841,1,0.22868714919593,0,0.259824953479796,0
210,3,-0.308260717420841,0,-0.140517953905278,1,0.22868714919593,0.0366304335118259
211,1,1.36894447170744,0,0.406709537576354,0,0,0
211,2,1.36894447170744,1,0.604880473487604,0,0.406709537576354,0
211,3,1.36894447170744,0,0.312482900661851,1,0.604880473487604,0.713656156225694
212,1,0.628660947755505,0,-0.346490729080081,0,0,0
212,2,0.628660947755505,1,0.0120481090887855,0,-0.346490729080081,0
212,3,0.628660947755505,0,-0.134999564042734,1,0.0120481090887855,0.246505704957152
213,1,0.744102077890581,1,-0.294880305562839,0,0,0
213,2,0.744102077890581,0,-0.296328436207561,1,-0.294880305562839,0
213,3,0.744102077890581,1,0.0123037979042958,0,-0.296328436207561,-0.147930960289151
214,1,2.3652284947253,1,0.886180270895898,0,0,0
214,2,2.3652284947253,1,0.711520612058758,1,0.886180270895898,0
214,3,2.3652284947253,0,0.513813944255622,1,0.711520612058758,1.06974375093339
215,1,0.259598241118987,1,-0.191098737962981,0,0,0
215,2,0.259598241118987,0,-0.314349516546821,1,-0.191098737962981,0
215,3,0.259598241118987,0,-0.0659789658404978,0,-0.314349516546821,0.212245916274639
216,1,-2.21808122210776,0,-1.03854826480334,0,0,0
216,2,-2.21808122210776,0,-0.900973731936389,0,-1.03854826480334,0
216,3,-2.21808122210776,0,-0.753096135618192,0,-0.900973731936389,-0.800083241084079
217,1,0.820447501495784,1,1.07537438733899,0,0,0
217,2,0.820447501495784,0,0.566208195404457,1,1.07537438733899,0
217,3,0.820447501495784,1,0.523263403543995,0,0.566208195404457,0.216317564738989
218,1,-0.488681512614033,0,0.0317265335789841,0,0,0
218,2,-0.488681512614033,0,0.0565945936745846,0,0.0317265335789841,0
218,3,-0.488681512614033,1,0.0444094525652945,0,0.0565945936745846,-0.397311505030687
219,1,-0.556405356220431,1,-0.434964106041207,0,0,0
219,2,-0.556405356220431,0,-0.604266656303021,1,-0.434964106041207,0
219,3,-0.556405356220431,0,-0.348371410526613,0,-0.604266656303021,-0.159301737526592
220,1,-0.348509277532095,1,0.282573150796895,0,0,0
220,2,-0.348509277532095,0,-0.124051223686381,1,0.282573150796895,0
220,3,-0.348509277532095,1,-0.0407410085925942,0,-0.124051223686381,-0.424375926900025
221,1,0.421608886705814,0,0.530569695804531,0,0,0
221,2,0.421608886705814,1,0.520626722138798,0,0.530569695804531,0
221,3,0.421608886705814,0,0.130988742979317,1,0.520626722138798,0.381826300301214
222,1,-0.580001548241705,1,-0.157255434181198,0,0,0
222,2,-0.580001548241705,0,-0.436098632393432,1,-0.157255434181198,0
222,3,-0.580001548241705,0,-0.254137423542029,0,-0.436098632393432,-0.100413788621755
223,1,0.321938222627682,1,0.523006704701651,0,0,0
223,2,0.321938222627682,1,0.13899365476173,1,0.523006704701651,0
223,3,0.321938222627682,1,-0.104312329070321,1,0.13899365476173,-0.320105974789729
224,1,-0.952785013217201,0,-0.0468823807322695,0,0,0
224,2,-0.952785013217201,1,-0.0710405283009312,0,-0.0468823807322695,0
224,3,-0.952785013217201,0,-0.404593408264948,1,-0.0710405283009312,-0.284736220527949
225,1,-1.36802698797002,0,-1.3854476275028,0,0,0
225,2,-1.36802698797002,0,-0.971542117006641,0,-1.3854476275028,0
225,3,-1.36802698797002,0,-0.675018206179654,0,-0.971542117006641,-0.559978317555569
226,1,-0.0835523019111684,0,-0.301859373859931,0,0,0
226,2,-0.0835523019111684,0,-0.0813567031180559,0,-0.301859373859931,0
226,3,-0.0835523019111684,1,0.021115789923964,0,-0.0813567031180559,-0.324022769272162
227,1,-1.81833838634663,1,-1.39659108213383,0,0,0
227,2,-1.81833838634663,0,-1.4150039966019,1,-1.39659108213383,0
227,3,-1.81833838634663,0,-0.995269692117633,0,-1.4150039966019,-0.876817835636249
228,1,0.312750510205553,0,-0.0348425715202377,0,0,0
228,2,0.312750510205553,1,0.151565192392397,0,-0.0348425715202377,0
228,3,0.312750510205553,1,-0.0983071169836325,1,0.151565192392397,-0.318043727303648
229,1,2.78455954256807,1,1.68932260382223,0,0,0
229,2,2.78455954256807,1,1.28075513660636,1,1.68932260382223,0
229,3,2.78455954256807,1,0.902676315191216,1,1.28075513660636,0.906422993695002
230,1,0.592189548255163,1,0.266244835227392,0,0,0
230,2,0.592189548255163,0,0.025744021044361,1,0.266244835227392,0
230,3,0.592189548255163,1,0.177838068961452,0,0.025744021044361,-0.0687884124900766
231,1,-0.440326346778962,0,-1.02365570283029,0,0,0
231,2,-0.440326346778962,1,-0.589522014707202,0,-1.02365570283029,0
231,3,-0.440326346778962,0,-0.633568457079231,1,-0.589522014707202,-0.327698347105249
232,1,0.214775543913535,0,0.483730438653865,0,0,0
232,2,0.214775543913535,0,0.456424714430697,0,0.483730438653865,0
232,3,0.214775543913535,1,0.374794910517699,0,0.456424714430697,-0.0178888411869869
233,1,1.84393657231423,1,1.18072738666476,0,0,0
233,2,1.84393657231423,0,0.805520197025569,1,1.18072738666476,0
233,3,1.84393657231423,1,0.805352834398823,0,0.805520197025569,0.633305973300331
234,1,0.519966536401056,0,-0.663419047408075,0,0,0
234,2,0.519966536401056,0,-0.202925498204827,0,-0.663419047408075,0
234,3,0.519966536401056,1,0.035098526137348,0,-0.202925498204827,-0.181740364218371
235,1,-1.51678165992958,0,-0.788667589970498,0,0,0
235,2,-1.51678165992958,0,-0.626826787969738,0,-0.788667589970498,0
235,3,-1.51678165992958,1,-0.495908969412589,0,-0.626826787969738,-0.990910064385068
236,1,0.689490300492832,0,-0.133414796867058,0,0,0
236,2,0.689490300492832,0,0.154496177026206,0,-0.133414796867058,0
236,3,0.689490300492832,1,0.266136424744196,0,0.154496177026206,0.0126606349344762
237,1,0.195369217305339,1,-0.223950655951702,0,0,0
237,2,0.195369217305339,0,-0.345636639748147,1,-0.223950655951702,0
237,3,0.195369217305339,1,-0.093117560631178,0,-0.345636639748147,-0.340338713422026
238,1,0.54778913127706,0,-0.306431931537405,0,0,0
238,2,0.54778913127706,1,0.023136354763909,0,-0.306431931537405,0
238,3,0.54778913127706,0,-0.139890435858144,1,0.023136354763909,0.225388112497415
239,1,0.767007011059505,1,0.19682333797066,0,0,0
239,2,0.767007011059505,1,0.0124216614219254,1,0.19682333797066,0
239,3,0.767007011059505,1,-0.115414454826953,1,0.0124216614219254,-0.229740286849237
240,1,-0.53523120955391,0,-1.20067571044176,0,0,0
240,2,-0.53523120955391,1,-0.715408246098054,0,-1.20067571044176,0
240,3,-0.53523120955391,1,-0.719869152074419,1,-0.715408246098054,-0.927261889512465
241,1,0.57125843008211,0,0.396842732437131,0,0,0
241,2,0.57125843008211,0,0.46315642722498,0,0.396842732437131,0
241,3,0.57125843008211,0,0.428606908001984,0,0.46315642722498,0.617129552059413
242,1,0.668499913231957,1,0.223338530038586,0,0,0
242,2,0.668499913231957,0,0.0121148738733559,1,0.223338530038586,0
242,3,0.668499913231957,0,0.18061661469902,0,0.0121148738733559,0.469889278906365
243,1,-0.773766928108216,0,0.207661113020346,0,0,0
243,2,-0.773766928108216,0,0.117209512294218,0,0.207661113020346,0
243,3,-0.773766928108216,0,0.0396541471954962,0,0.117209512294218,0.05673609590913
244,1,-2.25133595066673,1,-1.53964112070593,0,0,0
244,2,-2.25133595066673,0,-1.57730460645102,1,-1.53964112070593,0
244,3,-2.25133595066673,0,-1.15002370483493,0,-1.57730460645102,-1.07731002843444
245,1,0.309976764267857,0,-0.461333771715693,0,0,0
245,2,0.309976764267857,0,-0.113330888538194,0,-0.461333771715693,0
245,3,0.309976764267857,0,0.0576648316453473,0,-0.113330888538194,0.307406973657765
246,1,0.54412743338824,0,-0.503342426858662,0,0,0
246,2,0.54412743338824,0,-0.0995706409763699,0,-0.503342426858662,0
246,3,0.54412743338824,1,0.098426868908059,0,-0.0995706409763699,-0.133361693797107
247,1,-0.327218572384203,0,-0.411349045672011,0,0,0
247,2,-0.327218572384203,0,-0.190663565621961,0,-0.411349045672011,0
247,3,-0.327218572384203,0,-0.0763954681945259,0,-0.190663565621961,0.0760629957031977
248,1,-0.0916339284059747,1,0.635256528849956,0,0,0
248,2,-0.0916339284059747,1,0.138281280057957,1,0.635256528849956,0
248,3,-0.0916339284059747,1,-0.162625607543221,1,0.138281280057957,-0.450744877378705
249,1,-0.770367182924184,0,-0.0945029373416444,0,0,0
249,2,-0.770367182924184,0,-0.0695542422489308,0,-0.0945029373416444,0
249,3,-0.770367182924184,0,-0.0681928661137656,0,-0.0695542422489308,-0.0158519292006811
250,1,1.42337143507076,1,0.693625522103012,0,0,0
250,2,1.42337143507076,1,0.432020967665896,1,0.693625522103012,0
250,3,1.42337143507076,1,0.219844162156125,1,0.432020967665896,0.142635745981732
251,1,2.58030711071596,1,1.01300713820989,0,0,0
251,2,2.58030711071596,1,0.826716634511843,1,1.01300713820989,0
251,3,2.58030711071596,0,0.610738643517104,1,0.826716634511843,1.18296984194914
252,1,-1.63790804261261,1,-0.67907772578322,0,0,0
252,2,-1.63790804261261,0,-0.939472557229741,1,-0.67907772578322,0
252,3,-1.63790804261261,1,-0.694201209159016,0,-0.939472557229741,-1.15239659160291
253,1,0.13908388789316,0,0.208865401229755,0,0,0
253,2,0.13908388789316,0,0.273140809704285,0,0.208865401229755,0
253,3,0.13908388789316,0,0.257893413933528,0,0.273140809704285,0.405965976811294
254,1,-0.0365770776422087,0,0.200020719954509,0,0,0
254,2,-0.0365770776422087,1,0.23779474317262,0,0.200020719954509,0
254,3,-0.0365770776422087,0,-0.0971998398297897,1,0.23779474317262,0.125857151834457
255,1,1.55857586973022,1,1.03173736322959,0,0,0
255,2,1.55857586973022,1,0.664635063056486,1,1.03173736322959,0
255,3,1.55857586973022,1,0.373688958334993,1,0.664635063056486,0.276995183008444
256,1,-1.25221464106799,1,-0.291505794742992,0,0,0
256,2,-1.25221464106799,0,-0.633610081722213,1,-0.291505794742992,0
256,3,-1.25221464106799,0,-0.462803897148402,0,-0.633610081722213,-0.390193871095871
257,1,2.29046000441412,1,1.06849511846315,0,0,0
257,2,2.29046000441412,1,0.811845174197554,1,1.06849511846315,0
257,3,2.29046000441412,1,0.561534601652559,1,0.811845174197554,0.565744730094847
258,1,-0.674760920975149,0,-0.315957641981375,0,0,0
258,2,-0.674760920975149,0,-0.190603094594228,0,-0.315957641981375,0
258,3,-0.674760920975149,0,-0.125016323801173,0,-0.190603094594228,-0.0334585027993304
259,1,-1.11536391770305,1,-0.724092669760971,0,0,0
259,2,-1.11536391770305,0,-0.878549321261321,1,-0.724092669760971,0
259,3,-1.11536391770305,0,-0.585709554809993,0,-0.878549321261321,-0.443662559165467
260,1,0.989921715056901,0,0.180780316346827,0,0,0
260,2,0.989921715056901,1,0.400370487694706,0,0.180780316346827,0
260,3,0.989921715056901,1,0.140803922970896,1,0.400370487694706,-0.00647055506727273
261,1,0.208027991166281,1,0.177976905165018,0,0,0
261,2,0.208027991166281,0,-0.0942895602994211,1,0.177976905165018,0
261,3,0.208027991166281,0,0.0544359737896151,0,-0.0942895602994211,0.28278262023352
262,1,-1.40387541701538,0,-0.909685887723587,0,0,0
262,2,-1.40387541701538,1,-0.682664071281239,0,-0.909685887723587,0
262,3,-1.40387541701538,0,-0.822487719725272,1,-0.682664071281239,-0.668144241156569
263,1,-0.00585338938134878,0,0.33482571545393,0,0,0
263,2,-0.00585338938134878,0,0.326596867386607,0,0.33482571545393,0
263,3,-0.00585338938134878,0,0.268606708570843,0,0.326596867386607,0.381364816164277
264,1,0.908803261289539,0,0.244701400468985,0,0,0
264,2,0.908803261289539,1,0.426211422709992,0,0.244701400468985,0
264,3,0.908803261289539,0,0.144435081752331,1,0.426211422709992,0.498152573075284
265,1,-0.0360067647472593,1,0.339280003427659,0,0,0
265,2,-0.0360067647472593,1,-0.0357675478818857,1,0.339280003427659,0
265,3,-0.0360067647472593,1,-0.25578612483611,1,-0.0357675478818857,-0.501856053132952
266,1,-0.35766152719489,1,-0.519696830238619,0,0,0
266,2,-0.35766152719489,0,-0.623014494371075,1,-0.519696830238619,0
266,3,-0.35766152719489,0,-0.331421020542508,0,-0.623014494371075,-0.104051829951781
267,1,-1.37534859097828,0,-0.897252098742926,0,0,0
267,2,-1.37534859097828,1,-0.670105561686922,0,-0.897252098742926,0
267,3,-1.37534859097828,0,-0.811210028515375,1,-0.670105561686922,-0.654199509405677
268,1,0.189753112567078,0,0.361759446866037,0,0,0
268,2,0.189753112567078,0,0.376548886193346,0,0.361759446866037,0
268,3,0.189753112567078,0,0.324963789751532,0,0.376548886193346,0.462721061795799
269,1,0.0336066384036386,1,-0.350803993623373,0,0,0
269,2,0.0336066384036386,1,-0.451785347517873,1,-0.350803993623373,0
269,3,0.0336066384036386,0,-0.487330572183857,1,-0.451785347517873,-0.123991328636222
270,1,-1.4303251499608,1,-0.523547811263404,0,0,0
270,2,-1.4303251499608,0,-0.807754918476646,1,-0.523547811263404,0
270,3,-1.4303251499608,0,-0.588743373710967,0,-0.807754918476646,-0.515017027114834
271,1,-0.494181225806237,1,-0.278210345943663,0,0,0
271,2,-0.494181225806237,1,-0.496501222872131,1,-0.278210345943663,0
271,3,-0.494181225806237,1,-0.587156080878709,1,-0.496501222872131,-0.827986004674894
272,1,0.0524204565910704,0,-0.386094880565213,0,0,0
272,2,0.0524204565910704,1,-0.11046734832995,0,-0.386094880565213,0
272,3,0.0524204565910704,1,-0.286732198108621,1,-0.11046734832995,-0.503445394263827
273,1,0.00400543828043141,0,0.336749269343863,0,0,0
273,2,0.00400543828043141,1,0.329465471500868,0,0.336749269343863,0
273,3,0.00400543828043141,0,-0.038349265170236,1,0.329465471500868,0.174803696105934
274,1,-0.292948746414668,0,-0.428938580588783,0,0,0
274,2,-0.292948746414668,0,-0.195743206855539,0,-0.428938580588783,0
274,3,-0.292948746414668,0,-0.0745438844742661,0,-0.195743206855539,0.0848614343462721
275,1,1.49877352406578,0,0.437123409103197,0,0,0
275,2,1.49877352406578,1,0.645808012735165,0,0.437123409103197,0
275,3,1.49877352406578,1,0.354396940755605,1,0.645808012735165,0.250720095008284
276,1,-1.25782138319767,0,-0.448680746964174,0,0,0
276,2,-1.25782138319767,1,-0.372011698261391,0,-0.448680746964174,0
276,3,-1.25782138319767,1,-0.62186177863928,1,-0.372011698261391,-1.0195867137782
277,1,1.0683857138812,0,1.06137417127296,0,0,0
277,2,1.0683857138812,1,0.959677557549042,0,1.06137417127296,0
277,3,1.0683857138812,0,0.476186983321813,1,0.959677557549042,0.758852005712697
278,1,0.0500421601001556,0,0.428778570759608,0,0,0
278,2,0.0500421601001556,1,0.394349881087984,0,0.428778570759608,0
278,3,0.0500421601001556,0,0.00572883344505223,1,0.394349881087984,0.21490488196467
279,1,-0.594256202652147,0,-0.688838287129408,0,0,0
279,2,-0.594256202652147,0,-0.408103292471098,0,-0.688838287129408,0
279,3,-0.594256202652147,1,-0.239895778004537,0,-0.408103292471098,-0.613865493626558
280,1,1.42576022563521,1,-0.348624789872758,0,0,0
280,2,1.42576022563521,0,-0.213768131363124,1,-0.348624789872758,0
280,3,1.42576022563521,1,0.155620915398318,0,-0.213768131363124,0.099489472110603
281,1,1.26673446148088,1,0.353662399767624,0,0,0
281,2,1.26673446148088,0,0.194615546307676,1,0.353662399767624,0
281,3,1.26673446148088,0,0.370219841465775,0,0.194615546307676,0.730431073722519
282,1,1.75762489654832,0,0.607490382192164,0,0,0
282,2,1.75762489654832,1,0.795440269372355,0,0.607490382192164,0
282,3,1.75762489654832,0,0.47742284175273,1,0.795440269372355,0.911325009632486
283,1,-0.299982798814348,1,-0.831212508030829,0,0,0
283,2,-0.299982798814348,0,-0.806348830777553,1,-0.831212508030829,0
283,3,-0.299982798814348,0,-0.429679913684989,0,-0.806348830777553,-0.158178557044949
284,1,0.488056906298253,1,-0.490374277067437,0,0,0
284,2,0.488056906298253,1,-0.461062377711108,1,-0.490374277067437,0
284,3,0.488056906298253,1,-0.429088212190687,1,-0.461062377711108,-0.504407464904051
285,1,-0.0697464109872338,1,-0.65230560299729,0,0,0
285,2,-0.0697464109872338,0,-0.656286363726149,1,-0.65230560299729,0
285,3,-0.0697464109872338,0,-0.310410588499379,0,-0.656286363726149,-0.0264234105967694
286,1,0.764365846395806,0,0.193184799424794,0,0,0
286,2,0.764365846395806,0,0.369716769530659,0,0.193184799424794,0
286,3,0.764365846395806,1,0.401446944823195,0,0.369716769530659,0.12114440868685
287,1,1.51104173231988,1,0.994664676403426,0,0,0
287,2,1.51104173231988,1,0.633569193864504,1,0.994664676403426,0
287,3,1.51104173231988,1,0.349015974966196,1,0.633569193864504,0.249760044087388
288,1,0.581137609880864,0,-0.130768419299229,0,0,0
288,2,0.581137609880864,0,0.137716973714225,0,-0.130768419299229,0
288,3,0.581137609880864,0,0.241235110137572,0,0.137716973714225,0.491890149067339
289,1,-1.13965877163275,0,-1.41068003363506,0,0,0
289,2,-1.13965877163275,0,-0.948363612031304,0,-1.41068003363506,0
289,3,-1.13965877163275,0,-0.629603123006742,0,-0.948363612031304,-0.47885505340379
290,1,1.14423106252892,1,0.195099486640034,0,0,0
290,2,1.14423106252892,0,0.0754809623467373,1,0.195099486640034,0
290,3,1.14423106252892,0,0.283971306915156,0,0.0754809623467373,0.644831322458668
291,1,0.641593362878083,0,0.603965314771999,0,0,0
291,2,0.641593362878083,0,0.603529366847913,0,0.603965314771999,0
291,3,0.641593362878083,0,0.519870103574721,0,0.603529366847913,0.694662210263989
292,1,0.0763447818250245,1,0.421283598180765,0,0,0
292,2,0.0763447818250245,1,0.0341744437823284,1,0.421283598180765,0
292,3,0.0763447818250245,1,-0.199490553150746,1,0.0341744437823284,-0.438857724141002
293,1,1.7333506682913,0,0.488895160318482,0,0,0
293,2,1.7333506682913,0,0.71778461300698,0,0.488895160318482,0
293,3,1.7333506682913,1,0.738984169104831,0,0.71778461300698,0.563846382015372
294,1,0.35486960673532,0,-0.277160175721411,0,0,0
294,2,0.35486960673532,1,0.00848852419772977,0,-0.277160175721411,0
294,3,0.35486960673532,0,-0.175394911022372,1,0.00848852419772977,0.158802773986557
295,1,-0.279982610187945,1,-1.1314839630916,0,0,0
295,2,-0.279982610187945,0,-0.98911710084874,1,-1.1314839630916,0
295,3,-0.279982610187945,1,-0.532885483918582,0,-0.98911710084874,-0.743958303305984
296,1,1.14156618507563,1,1.17512813153716,0,0,0
296,2,1.14156618507563,1,0.682645693015897,1,1.17512813153716,0
296,3,1.14156618507563,1,0.325753767859809,1,0.682645693015897,0.152657122861309
297,1,-0.384696116642406,1,-0.444161307655473,0,0,0
297,2,-0.384696116642406,0,-0.580778350575602,1,-0.444161307655473,0
297,3,-0.384696116642406,0,-0.310708899663786,0,-0.580778350575602,-0.0959151974327039
298,1,-0.00941780793031111,1,-0.242514082397439,0,0,0
298,2,-0.00941780793031111,0,-0.391959758434565,1,-0.242514082397439,0
298,3,-0.00941780793031111,1,-0.148655153002291,0,-0.391959758434565,-0.423157421786227
299,1,1.30548343975878,0,0.432659465680097,0,0,0
299,2,1.30548343975878,1,0.610181053480654,0,0.432659465680097,0
299,3,1.30548343975878,1,0.306672692585009,1,0.610181053480654,0.175743787704739
300,1,-0.911039078758475,0,-1.73297193152883,0,0,0
300,2,-0.911039078758475,1,-1.10931924093682,0,-1.73297193152883,0
300,3,-0.911039078758475,0,-1.00095063076954,1,-1.10931924093682,-0.681075026250152
301,1,0.489878602277752,1,0.625543057989407,0,0,0
301,2,0.489878602277752,1,0.23111605834065,1,0.625543057989407,0
301,3,0.489878602277752,1,-0.0273696818435375,1,0.23111605834065,-0.2308380911525
302,1,0.0603939168290402,1,-0.347046078323326,0,0,0
302,2,0.0603939168290402,0,-0.444901602699525,1,-0.347046078323326,0
302,3,0.0603939168290402,0,-0.169587781209659,0,-0.444901602699525,0.0979669704798208
303,1,-0.265097876653742,1,-0.915653658270615,0,0,0
303,2,-0.265097876653742,0,-0.852771907158917,1,-0.915653658270615,0
303,3,-0.265097876653742,1,-0.451721408883696,0,-0.852771907158917,-0.685492090904737
304,1,0.864741196854339,0,0.234792894091448,0,0,0
304,2,0.864741196854339,0,0.412577597801935,0,0.234792894091448,0
304,3,0.864741196854339,0,0.44035877428473,0,0.412577597801935,0.689687029821571
305,1,-0.386456317935241,0,0.116322909143231,0,0,0
305,2,-0.386456317935241,0,0.126422629619812,0,0.116322909143231,0
305,3,-0.386456317935241,0,0.0992212406685573,0,0.126422629619812,0.182450053708866
306,1,-0.0555193372009438,0,-0.303864447251446,0,0,0
306,2,-0.0555193372009438,1,-0.0778342446200567,0,-0.303864447251446,0
306,3,-0.0555193372009438,0,-0.282916569087765,1,-0.0778342446200567,-0.00459752116388785
307,1,0.633809017684824,1,0.0839012229541161,0,0,0
307,2,0.633809017684824,0,-0.080233708762028,1,0.0839012229541161,0
307,3,0.633809017684824,1,0.122197711393899,0,-0.080233708762028,-0.0974675723614874
308,1,1.21453593277716,0,0.99560803626446,0,0,0
308,2,1.21453593277716,0,0.943748091056083,0,0.99560803626446,0
308,3,1.21453593277716,0,0.797408923401331,0,0.943748091056083,1.00943597312388
309,1,-1.02210660530325,0,-1.12401131308967,0,0,0
309,2,-1.02210660530325,0,-0.750645137017146,0,-1.12401131308967,0
309,3,-1.02210660530325,0,-0.4984691042124,0,-0.750645137017146,-0.363822444031147
310,1,0.0962733013181027,0,0.39509265128652,0,0,0
310,2,0.0962733013181027,0,0.38132390502172,0,0.39509265128652,0
310,3,0.0962733013181027,1,0.314646127097132,0,0.38132390502172,-0.0848605072839677
311,1,0.459084585456901,1,0.337060276256433,0,0,0
311,2,0.459084585456901,1,0.0470217508066615,1,0.337060276256433,0
311,3,0.459084585456901,0,-0.13845554256817,1,0.0470217508066615,0.206848839854163
312,1,-0.680662740840234,0,-0.278942200014761,0,0,0
312,2,-0.680662740840234,1,-0.168656829951991,0,-0.278942200014761,0
312,3,-0.680662740840234,1,-0.423113745089788,1,-0.168656829951991,-0.757463149645907
313,1,0.745178393558908,1,0.118721696652565,0,0,0
313,2,0.745178393558908,0,-0.0397122211703955,1,0.118721696652565,0
313,3,0.745178393558908,1,0.161291886819418,0,-0.0397122211703955,-0.0463822703798362
314,1,-0.892171266545503,0,-0.58281197064336,0,0,0
314,2,-0.892171266545503,0,-0.393012537111619,0,-0.58281197064336,0
314,3,-0.892171266545503,0,-0.272851248841109,0,-0.393012537111619,-0.181816527851965
315,1,-1.11062634261089,0,-1.15686233467416,0,0,0
315,2,-1.11062634261089,0,-0.786061125741831,0,-1.15686233467416,0
315,3,-1.11062634261089,0,-0.531403140895787,0,-0.786061125741831,-0.405691931183531
316,1,-0.853003708917135,0,0.38703244452053,0,0,0
316,2,-0.853003708917135,1,0.214949485086816,0,0.38703244452053,0
316,3,-0.853003708917135,1,-0.224749817898046,1,0.214949485086816,-0.660490692132441
317,1,0.352478997725229,1,-0.300799974445064,0,0,0
317,2,0.352478997725229,1,-0.36657455454265,1,-0.300799974445064,0
317,3,0.352478997725229,1,-0.393266181953205,1,-0.36657455454265,-0.509875624228629
318,1,1.36926922557624,0,0.289067241125528,0,0,0
318,2,1.36926922557624,1,0.531997457845788,0,0.289067241125528,0
318,3,1.36926922557624,1,0.27025621713123,1,0.531997457845788,0.165013457276009
319,1,-0.836468475537108,1,-0.312331275760451,0,0,0
319,2,-0.836468475537108,0,-0.575845031812788,1,-0.312331275760451,0
319,3,-0.836468475537108,0,-0.371095705026612,0,-0.575845031812788,-0.23636814403626
320,1,-0.68725917349204,0,-1.27801922269277,0,0,0
320,2,-0.68725917349204,0,-0.789205977563164,0,-1.27801922269277,0
320,3,-0.68725917349204,1,-0.47395575127552,0,-0.789205977563164,-0.793486929035603
