y,m,x,c1,c2
-1.3552300986979209,-0.86872015164278071,0,-2.0059324604673332,1.0690440407168464
0.33573914219813944,-0.041134717680440747,0,1.0934548248262761,0.50416964603876657
-0.89565289189108355,-0.98022555669777633,0,0.20405029341884348,-0.072540279819517856
1.0353527008149048,0.44937873916750792,1,-0.13696562327348041,-0.78022220681629628
1.281409170053625,0.69706169125747952,0,0.56695117556148156,-1.1407461894501896
2.2514053346654261,0.8830586588001087,1,0.38773944921516074,0.085078496698180128
1.3563805745525848,0.99143167120606357,1,0.43049380083894517,0.98401315484043805
-0.72592818880341636,-0.5602806194938792,0,-0.99019808954819133,-1.532302778881327
3.766725755961029,2.6854835930111083,1,2.5640143957609922,0.83186147226929841
-1.3931005092743916,-1.5701864003607833,0,-0.4595053415415008,0.41037107677961637
3.0216935321640976,2.0477214201411478,1,0.76736765242887472,-0.87163847260407878
0.622172706453897,0.18708187069533844,0,-0.53978215181351752,1.5500399158109051
-0.23919903673418896,-0.40956069995094924,0,-1.9833549012008775,2.1749872080556636
2.7149176465992024,1.0402091005169438,1,0.86967208800260332,1.1881795609643526
1.1998464916198306,1.8506147857073489,1,-1.1218169124711788,0.010526358291982165
2.8816509760252673,0.88390389411040271,1,-0.19058141484614841,0.95914760401745625
2.2874171965744834,0.80824594604843014,1,-0.1157551461723422,-1.0829996514437057
2.256266805940415,2.2193651303847335,1,0.68324495213118519,-2.2135971524320861
3.0808275308640116,1.0971320158290365,1,0.45220062266252542,1.2240737573591116
1.1012641347498839,0.93172104541894651,0,1.0526730421237154,-0.4815054364147956
0.1110787053998353,0.28890892648168331,0,-1.2481182353199745,-0.10425815859599646
0.94603396805532347,-0.89758706194235938,1,1.2928409527459428,0.35736681404247034
1.9594854092480747,1.0867104063347213,1,1.3183648537662902,1.1255809828651773
0.68457191548656482,0.99597908945343738,0,0.2154923319821718,-0.33270457370585121
0.90971879652969945,-1.3796695111240043,0,-0.85436440614527065,1.2534889843863044
-2.511875033867061,-1.8557333043860438,0,-2.1304328441949942,-0.20125485249144703
2.7727117098245397,2.5563571589396208,1,0.25461035168924318,-0.65726723679819954
1.0816357249943684,-0.49111128134018966,1,1.067671237125585,2.3164555519917984
-0.69774598448875547,-1.0768510863110483,0,-1.0716853344974557,-0.34809578651585937
-0.10356940699100547,0.891698382030643,1,0.10186699955718159,-3.7346688866059345
1.5932145411947263,0.58998515498026705,0,1.5207795072120036,-0.16572013688393575
1.0936003575962767,0.44008748308217549,1,-0.29713150038182884,-0.42316638198723672
1.3705373908152787,0.53180568638276104,0,0.27159387889365916,-0.91422835907766409
2.566535285668301,0.052694863368461742,1,0.8277417045446066,1.0608536224246625
0.76636552879511233,0.46185825744443582,1,-0.42847096941244839,1.674357357117531
1.3064493939989223,1.2228913324109887,0,0.64593764030373568,0.96189962478958568
-0.39330687147917037,-0.45236669655290518,0,-1.3102253626688996,-0.81089604521071867
-0.86230443357049136,-0.9167677315519841,0,0.53179867874038378,-0.78651374055491918
1.4883578592867672,-0.067962822535936163,0,-0.24432563655349487,1.8974611663409753
4.2368297181617365,2.3656869999418633,1,3.2803793626092088,0.84834651892698443
-0.15565505590203965,0.49845468179392677,0,-0.22603652823555084,-2.6585540550634432
0.85383716289273526,0.55231774148244517,1,-2.2130638964442424,0.69237278433821114
0.79667381591652253,1.0022157610184983,0,1.5325815033896579,0.10776359514957862
2.4253149746227325,2.1220668899028525,1,0.24168511497555997,1.9734985849236555
0.55153534387833458,0.53527489447393328,0,0.88015875064254401,-0.10910586646727077
0.64375488934856429,0.020041359055575258,0,-0.90944508318429595,-0.70053303235006359
1.3548508865172517,-0.33243979479640873,1,-0.43556293735536711,2.2335853520382152
0.60462802933769888,-0.45256082480413196,0,-0.11054273801120919,1.0340676695153468
-1.2862318570108555,-1.2273012346986696,0,-0.99392144341436539,0.43044446915585527
1.227352315931201,-0.22511412598142694,0,-0.60365305346508669,0.097983658549375283
0.57603614685234061,0.6776593301304874,0,1.7050573919501752,-0.25308930430088378
1.4583815949336887,-0.53876236302341241,1,0.72613272057301137,-0.026119428440392129
0.8254949704157436,0.86897210685786641,1,-0.66730045671112292,-0.8098525519758647
0.89123686805126034,0.84615646167587755,0,-0.68512280461446506,-0.62234512670976172
2.8617089247927034,2.8602906909353427,1,0.63702067065426071,-0.35869343042823471
-1.2737409843311129,-0.50273297933226324,0,0.33420174689265353,-0.32598649522179396
1.9955122986218909,1.3896255173988097,1,-0.069167612376720256,-1.1477753717903827
2.1499293975795739,0.39495042897177701,1,0.74592005713757359,1.6666924290178748
0.69516844753178708,-0.4512960203625383,0,0.23737336747382112,1.1640109691686236
0.76187096085665029,-0.49536701320957693,0,-1.4564218446494923,1.2587873705560182
1.7412121734399193,0.8392857895076058,1,0.49264620769550554,-0.9590393161392623
1.2321701482205336,0.81327591149762057,1,0.41525717573672094,-1.0079430135356431
0.40858894093320869,-0.040200440848478652,0,0.480782183953397,0.63675661272190853
1.4587680151073368,-0.26661863381554035,1,-1.1642326195608166,0.57747188298177432
1.9046958774090363,1.761944590282956,1,0.12484074772637289,-0.23611809708969597
1.8739308120749947,0.79861250849935006,0,0.36740897936614236,-0.44551648686752626
3.1750474593001892,0.91094116164680217,1,-0.096236043141201613,1.6145265816273737
0.90319230453758526,0.67514935408692289,0,-0.19578480362722506,-1.1049239746679753
-0.1034631986907637,0.53604611869709662,1,0.4361866650206308,1.216400590701858
1.924600355202992,1.6633998556521168,1,0.61065259890655621,-2.2368107662131029
0.17248861928848447,0.24456984663617048,0,0.30842309110675981,1.1702757792734209
-0.35274167147946267,-0.5287124413280222,0,-0.42163501931914477,-0.45315615485618044
1.573410177170969,1.4946105375426235,1,0.74610486719976132,-0.58924830627986824
2.2039878399191823,0.29061112439298259,0,0.73625466010698437,0.58511962636579307
1.5180524350566653,1.5361895594108228,1,0.28299823779933891,0.43290307754205237
0.52446938185447523,0.12381611409965254,0,0.55638863493406576,-1.7575317701622863
-0.12886581185002569,0.077574077329234908,0,-0.98224594588381453,-0.76861998015683697
2.1381945802434177,1.9798814134024778,1,0.37054040114675713,0.96355292073118226
1.3481473405964808,1.7732484258313281,0,0.93570015046224431,-0.14727095686551639
-1.7399485891747104,-1.3054402772375442,0,-1.7227057515870972,-0.15773994178655809
2.6321056210130362,1.0008367132022327,1,1.0655392829177976,0.87697787327509324
0.12945547761954315,-0.78178199272040116,0,0.66298440823149407,0.92062945897805537
1.931813410954563,1.4629016745147039,0,0.53998673310090295,0.63612938979926048
-1.2311282854731112,-2.04473986986731,0,-0.89721491411059984,0.30356689138661647
-0.16663945290420584,-1.5621717361327629,0,1.0519202324042158,0.024469735946865943
-0.40750779800376741,0.24198966649348597,0,-1.3942289325915753,-0.66739524991000942
-0.75816890965279882,-0.58287041865759104,0,-0.57166481918660284,-0.28583165248912312
0.87580497644548805,-0.52342794456860353,0,0.34478027349420948,1.7919062488526858
0.26792582121446318,-0.31825274745490451,1,-0.8503784898304606,0.36957525099758809
0.58633813472665575,0.57802184685914115,1,-0.47701178681394263,-0.63384296335535018
1.9298075644217469,-0.027956551354031467,0,0.055364636379805425,1.745463434523058
0.99324985396975485,1.9220159756269444,0,0.073458091815763349,-0.41940797650210188
1.3771319819615995,1.1107686408551778,1,0.51837378525200906,0.59779143832729209
1.6011041382559825,0.76423961386427108,1,-0.44903473193570853,-0.46755232136158148
0.040729261439518577,-0.13853828663892742,0,-1.5770952120941835,-0.39313083601344262
1.2688468005736269,1.2953229824614434,0,0.0080243070753095742,0.44151051609769892
1.4324246447003246,0.29513135099827625,1,0.64131587407650448,-0.40868834684823957
-0.3078884515424033,-0.17283618115266691,0,-0.72920408311875218,-1.2803645762252587
2.5156221143222837,1.4795877815265488,0,1.4432754448230132,0.67155740815243936
0.20609262793076188,0.43222054233390372,0,-0.32252529301772109,-0.20410272319121175
-0.69441174150575136,0.25820826822123555,0,-1.766389274935861,0.61289744273115032
0.8364022125273971,0.76232369963165758,0,-1.3692603690011462,0.49621480388643674
1.3311752829576946,1.7661147355690014,0,1.9429699195533316,-0.20589281927018441
1.2032282620725512,1.2396559533668532,1,0.29882444708588163,0.088216167006764684
-1.2037373670896681,-1.0210773333388605,0,-2.0789045947278457,-0.60355145903463581
2.5848840447823775,2.0597743577050158,1,0.0023920630937458187,-1.1694769030454331
0.38552621477683624,0.36872295083648221,0,-0.83628329822545422,0.084299873528253425
0.19165907738850749,0.12605135421210817,0,-0.50623344203095744,0.28283834194854207
1.256957511578096,0.84111485933832497,1,-0.41489183181254685,-0.60524665422728618
1.7712118607523299,2.3775508873537778,0,-0.4438075038290839,-0.97276825816761103
0.21267297181621703,-0.3016122578463758,0,-0.74440250410698194,-0.025655118473480287
1.4797964023848951,0.54346399848369908,0,-0.25558177645237118,0.85680970663390632
0.83861699457235883,0.43307959265712287,1,-0.091276973037281925,1.0318603299906375
0.24401503542231739,0.31019863118727492,0,1.6068078751097665,0.29252535951806569
0.86187485843069211,0.85448018185796015,1,-0.65165142275775789,-0.31124072016608867
-0.90453448691757354,-1.7001914637087883,0,-1.9940529574816646,0.42961458982271888
-0.91347760623155172,0.00629501179878586,0,-0.88657473491204464,-0.15412878994300175
-0.14944983746270235,0.51258270797547101,1,-2.4703620733224394,-0.5094065525197311
1.5959309680655407,0.49214857697447728,0,0.30742859895448083,-0.13675347467985263
2.3633412218430387,1.0899889931358862,0,0.55581726604484172,-0.60432120199587125
-0.070885379263157841,-0.34336250616897462,0,-0.90679270244504695,-0.4916711386488537
1.5435097727466625,0.79588847793122763,1,0.0081687098767678403,0.4185367206753155
1.2402218656528949,1.6529823010889229,0,-0.33603082123997602,-2.1002191493254205
1.6377566950828761,-1.3440485163898757,1,0.50839600985526823,0.37073569374158438
1.5344940065519777,0.91536374912117391,1,-0.80878340644776103,-1.4883011599429299
0.59302412230613577,-0.33790943460183498,0,-0.9398085588502888,0.12471353241730131
0.12042694650697655,-0.63757077002728624,0,-1.2131563355262349,-0.11703583079294286
-0.98256638868323332,-0.79330926688185699,0,-0.76273413365543874,1.6350686936182821
0.95587528851358994,1.6026222346215158,1,0.38933633886795599,-1.1202750097984191
1.7593353810947006,1.644615310557684,0,-0.44672499939907151,-0.2075156857914042
0.6107330422331041,0.34823028703239778,0,0.68681367356387413,0.11461918364898567
1.8266131468309581,1.1591929342469252,0,0.031931013939183697,-0.90735456171602014
-0.63500674115024602,-1.6235190662301162,0,-1.863637503366272,0.37213731912057479
-0.89025230826471846,-0.29651384102577688,0,-1.5994404327550933,-0.35044200388335256
0.74617104696672643,-0.38720429438066067,0,0.17777554856214664,1.0600626113888283
3.8059602650450675,2.332590554512469,1,1.8179472258250529,-0.52442116016465989
0.91841649829470917,-0.27792713276927539,1,0.68664293621015204,0.41469771159951102
0.14502360434697825,1.2971680919165798,0,-0.19947222043680743,-1.3486255953309689
0.54690269608379127,0.34330893428621034,0,-1.0350069076012889,-0.3375442195754686
-0.72499156568849432,-1.3223874394902,0,-1.6802874226874962,1.2688059346071443
-0.541162179701002,-1.4900477685973095,0,-1.2389411389281253,0.054898644097624828
0.80498292826647766,-1.0374069660056249,0,-0.89248394924304808,0.12097066466399743
0.58486840013438823,0.56696609113751162,1,-0.77992207611639908,0.75936668381082995
1.9938398623895059,1.7994067492240682,1,0.070039608162120737,-0.6900289365556761
2.168522622459812,1.090819652403912,1,-0.6640943494431214,-0.03120921141545293
0.57876718190031529,0.14288618688200105,1,-0.78625215302289864,0.20816265263986433
2.5021753016623074,0.77816482154298594,1,0.36094898431474909,0.85318586407860231
1.4177666462702172,2.2589950074799741,1,-0.32779856862498874,-0.29255840343446282
1.5485179177606854,1.5556116860959368,1,0.58287881851205237,0.2056517748108784
0.35176120312516812,-0.47074213156063288,0,0.11572855865708068,2.7903587538129702
1.892601198246046,1.3372026496000009,1,1.4569862395076889,0.89072491344720017
0.79975225536680217,-0.17399828613447527,0,-1.1972388593766305,-0.26475738508310609
2.2806122056632137,2.1577714093798073,1,0.10512905372132969,-0.62800906617385166
1.3555087330837583,-0.68358112823581352,0,1.5145963336349444,0.27694135603488612
1.3343990261534713,0.34180195948353265,0,-0.18235541021969143,-0.82108695692802491
0.44100053958248903,0.89565586419999299,1,-1.5522927885505273,-0.31026097684801651
0.87475977553806694,0.39712850366575814,1,0.042384763779516735,-1.8330539711077773
1.3730288862857598,-0.39680322921760625,0,-0.90388219685572602,-0.030705554147450926
-1.1533189121509193,-0.96888312548344679,0,-0.67493292545629857,-0.77568742872113861
2.8526940253919419,1.1436968021205418,0,0.36764890485901469,0.20076633585315157
1.727925804445356,2.4289580453697059,0,-0.39137942898419287,-0.40240731772678323
-0.072636354890445509,-0.67809095954611476,0,-0.65457678647718109,-0.72711416808895002
1.2086039833016911,1.9749091228968561,0,0.22125157670267676,-1.6392953424160268
2.0316768977024187,1.6017364685097539,1,0.37181284357376904,0.31737987020221514
2.0353425861129617,2.5136956075032169,1,-0.34376876058507394,-0.63382098916758156
0.021194836972186604,0.2018230399245205,0,-0.25934249627550554,0.88442264001619708
1.2844604831003452,0.38280462484253241,0,-0.51743714955982301,-0.34140196084629287
1.9791136222767305,1.8798570956016678,1,1.2586319118123515,-0.52074350400935066
0.61586461135174253,0.96702182299155259,0,0.1819405963660134,-1.1472745195528555
-0.60573391210105632,-2.1126165279719209,0,-0.69163761146780933,1.2954950505196907
1.0057858503242003,0.13685226458339983,0,0.42792801669584063,-0.41899404575083382
0.46696713296935477,1.2891519541298109,1,-0.43530239857629915,1.1990670088702493
-0.81113041702989275,-0.092177776029170072,0,-1.2677136072729034,-1.1724780305848428
-0.81467419478403369,0.53094212471115876,0,-2.7064647719893302,0.0056418711409821918
2.3370780239826852,1.9445799203446246,1,1.2725088801724533,2.0905829537323926
3.1579939564699817,2.1895988538776829,1,0.33588218067473197,0.53072842278224397
1.1265515310823226,1.1793596924113026,1,0.36589929722662545,-0.29808836603221939
2.0890453614931874,1.0166347938230642,1,-0.029616375577391749,-0.26868096197360952
0.92264187770774486,1.4230159026972435,0,0.30354921718208749,-2.2176920017047119
3.2663297478330655,1.7575373330252952,0,1.0313653296449918,-1.2829725165777988
-1.3519621738199121,-1.4216698241492527,0,-3.3010390667646252,-0.53758292865824975
1.5303364153964245,-0.053064055356190742,1,1.6158234417344528,0.73581163530702431
-0.45575476887835142,-0.10166710417271194,0,-0.62183828950169651,0.37553861866220078
0.30115522877719425,1.7493559686098918,0,-1.2874470158545541,-2.0806489522772127
-1.1175969503409018,-0.6869784107615623,0,-0.56816611848205301,-0.20257303712363475
-0.020501807865937249,0.9031458043363535,0,-0.82396997216032142,-1.4412399554230981
0.94937039824981329,0.16264207993872998,0,-0.64940021497470235,-0.08228696289781999
0.091938562266240226,-0.11808079901230389,0,-0.09668998883382722,-0.6241809155182293
0.31312505214592301,-0.74135966206937776,0,0.56744871554370924,0.069171616103880937
0.71190391883437676,2.2430995839496206,1,1.0575432852336044,-1.3372469422306106
0.42748130718403665,0.015744777997717452,0,-0.24658920844066598,1.3984455221148278
1.2058037241531678,0.41900724662428346,1,0.75570986841653465,0.2634122242110678
0.62146120149368633,-0.78397037652841839,0,-0.87725614200934243,0.42329151506997281
-0.05798723072692108,-0.4771136322514431,1,-1.5219374618454329,0.055837223057457065
0.27572279747869505,0.54800752309890211,0,-0.92353520644010212,1.1627015571392594
-0.74621726475817929,-0.7726972397663151,0,-1.0535658936133783,-1.2691379531134299
-0.57789580940769003,-0.046361281988930192,0,-0.46679014624171195,-1.6278615444528459
0.022435208315437993,-0.63700429804797687,0,-1.691227006817031,-0.19701698706952975
1.4132961306071348,1.0088000760316644,1,-0.18637867837338384,1.169423796836542
-0.0099143014237977334,-0.45322230603961,0,-0.64668317130861819,1.8851852021009783
1.6327606759346367,-0.20334072798583708,1,-0.45223376119093328,2.327548796108267
1.4285461926494423,1.4475060727087063,1,-0.51859322466885704,-0.80648422551500554
1.6663062161264173,0.12426467509584976,0,0.07430641007278857,0.9892438470916487
0.57661655115521904,0.69222643604977052,0,1.3158228824094733,-1.7911716957643762
0.93065922118280442,1.4347554612192881,1,-0.52219828748502417,0.21268305040926236
0.2278963210526635,0.23916389108919578,0,0.49131056319229127,-0.68256081475119346
0.4299352676130751,0.2715222246534793,1,-0.41636843536347579,0.63700337121812689
0.89708312020514946,-0.32433660714548873,0,0.5958289320442004,-0.94530131550547225
1.4535627345123483,1.0493050206449983,1,0.28816157473834741,-0.18547788488184266
2.9399606153607842,0.70574184231796122,1,-0.37944805763944323,1.3942989060229265
2.0066034718096635,1.7961410092831036,1,0.71930821062136807,-0.95432654864859512
2.299367343029171,2.2826443597435815,1,0.77773079419026192,-0.75136604862704137
-2.018679793718217,-0.15518231602244906,0,-2.0820771387188657,-1.6311936774260443
1.3608431273895063,2.6929825811778394,1,1.307805468312232,-2.2851395132901779
3.5309974979682841,2.0468255603890171,1,1.5507655408231646,-1.6836460972368188
-0.77268688400050112,0.22202731046340096,0,-1.3256014238929317,-1.2631572449338333
-0.48268972815101852,-0.84120691405314296,0,-0.96858411684379953,0.14995752522173272
2.1400366987309338,1.1065809024491498,1,-0.59018015790970846,1.3393263747139241
-1.2236694602977354,-2.1337136280965088,0,-1.7582947091750682,1.5268515992558027
2.336802942887886,1.360740552237651,1,1.2799802327612251,-0.30650440129579726
2.5859593298705486,1.0744175033046506,1,0.012404749144027134,0.29317375933945494
2.3972513896100791,2.5008501696775154,1,1.1581424872954194,-1.0298325999620443
-1.2122915195548565,-1.4298350173595171,0,-0.40807490613493747,0.25459390669911136
1.0742358141291324,1.4270019453858382,1,-0.5755694176073064,-0.44389067724382941
2.2228799553999323,1.5779778655486991,1,1.5125457064953285,-0.62569173961870905
1.6904278816504879,0.61305660678817042,1,-0.67495673200857309,-0.45167314278713255
0.17652050138718023,0.51286535847012082,0,-0.016976685706908721,0.43754113666617028
1.6834457588447396,1.4702905171754561,0,0.81441581531836027,-0.5962236935408709
2.1269834984731859,0.99846147947424946,1,1.6252577267286554,2.6439691606220137
-0.76323612002441488,-1.0782420424200683,0,-0.4712338432846892,1.3092317985584065
0.92389343278091096,-0.13840149113246747,0,1.6943176646883142,1.2560332580443843
0.51645470078898104,1.2358065250609238,1,0.050239924467760592,-0.41826712061844457
0.227997426768107,-0.22500090423861152,0,-0.45163105556310124,-0.69111516353279934
2.889859411885781,0.38726479839833039,1,1.4706719284742082,0.9273675515369022
2.1818636110516012,2.1713648801600511,1,0.16907040153699474,-0.12518918368226151
2.6108858740179368,1.6391855778834357,0,0.84470828509593288,-0.79570139711410748
3.0411604445999401,1.8058760198478208,1,0.6680092634656255,0.36381033617861308
0.83793250538626718,-0.13622693339046268,0,0.044166685213488398,0.083149341676691649
2.0201132760189671,0.34019362682514642,1,0.47459451271112907,0.66265977105908658
1.4611175864356851,0.19736778302251601,1,1.0991947780956783,-0.04259902896795939
-1.4474614379037747,-1.2276320415128954,0,-0.25743975657371271,1.0805226806586821
3.1116272703518861,2.4057181279968516,0,2.2199445429927605,0.72854243433051291
-0.71224987950428598,-0.84401468048907202,1,-1.7387905539970261,-0.83845715491099726
-0.47811353309042859,-0.79889564446682515,1,-0.59684616241932098,0.23436121982522226
2.3912682537652437,1.8005848636264679,0,-0.20183619737700903,0.1756212157845489
-0.074441188015592463,-0.79705843057010028,0,-0.75722238374569317,-0.45394376020778698
1.9276515724465511,1.8523286153175598,1,-0.72558928294126246,-1.0246645220566803
0.24342017025257456,0.32665247972954509,0,1.0707641525547178,-0.20009337440659447
-1.078473363160251,-0.96623612812186532,0,-0.20459622271427896,0.41077244095066001
0.85410420314436553,-0.24177998211524365,0,1.1523340924738017,0.036328465869437228
1.9428275931248868,0.92670644272929525,1,0.48631909614849367,-0.83099869989965414
0.39352102075684503,1.0672147874632727,0,0.23875201048991174,-0.047503344687933803
-0.31925077512408939,-0.65960204371269926,0,-1.8499055880409778,-0.50623368171723049
0.13690659247945347,1.059192025102679,1,0.16871668285653185,-1.1459020657309367
1.1975378820553522,0.75736172705287175,1,0.73448961955927294,1.6270711672797515
-1.197861855729309,0.16669018616982456,0,0.69825485947397192,-1.4030049162794094
-0.72726287223264441,-0.51091861871624011,0,0.00062589074017381963,-0.40333517058876606
1.6922738304632308,-0.38262500500423763,0,0.48405485077911314,0.75786948185191205
-1.683478052623633,-2.205795201204777,0,-0.29071351810419821,1.0823731685378346
1.2769597098878531,0.95172753726554493,1,0.72833003464876855,1.2671327562379564
2.5796802083908035,2.5328484317452986,1,0.62718413870751644,0.99932868964007759
2.1978788540496148,1.8796351654878964,1,0.66816829111970832,-0.5286176078120074
1.4017833502339494,0.27704005614057564,0,0.26881443205179339,0.28626253172991478
-1.0658872184966988,-0.47504911040124848,0,0.42011953739968111,-0.40093150243087217
0.49108537932363455,-0.45108590486981981,0,-1.2728612079396551,-0.36403122756289102
3.2451157638044759,1.7299462748455992,1,2.7423763295764054,-1.348582845788572
0.67852524666439662,0.54736501317166786,1,-1.9925129011388389,-0.55923857345252126
3.1697615813275908,1.9345170423715181,1,0.80099854212945898,-0.49934086807876238
1.4192741492493319,1.0534012077551889,1,1.2103055327948149,-0.94844113193129265
1.1368737044181554,0.74934261914573441,1,-0.79697218159408922,-1.4774431476928003
2.2569138267952735,0.92694739423890082,1,0.67089012912207635,2.1938570366010235
-0.046930032402668603,-0.41747025408284444,0,0.47914306449659061,-0.46509541655798081
0.3290028308400425,-0.97006799385820663,0,-0.17029452352556262,-0.49009052694012928
0.75225689465168444,0.43980294645294343,0,-0.64384528807100994,0.4292670779758756
-0.85032440920830443,-0.70124892090922275,0,-1.867166169599064,0.30478650574146027
1.4283455330239037,0.54654141090892805,0,0.17610811756510569,-1.2208284891395071
-0.34166531050112181,0.39083636901307073,0,0.025679985763325305,-0.54867647707665612
-0.52014175718290123,-0.15283809081315641,0,-1.0808552056258682,0.032483257125568016
0.91675217193085212,1.2779689727144348,0,-0.78413551365767786,1.184419099813369
0.42740842537251189,0.13596588842512863,0,0.16769292810436584,0.18610253219883036
0.41098914340920961,0.23821038425157548,0,-0.37900263802872308,-1.8534906118685666
3.0086762656140369,1.6718257969808925,1,2.5101529614671798,1.2553362841646698
1.873894297059679,1.5016725994657278,0,1.0922652085154307,0.12967548102473658
0.4964342393105603,-0.72523146469940447,0,-0.84081175585395673,-1.2216415474163544
1.3353317335221828,0.73573731987974866,0,0.18009671405979816,-0.16597954167590134
-0.045080213121784188,-0.49852715494671151,1,-1.287301098657724,-0.58726311978360612
1.7041389344043689,1.4174458502396561,1,-1.2754294193185594,-2.23426990509929
2.7836172365803078,1.155208520186576,1,-0.067158272677743241,0.060472201805546993
0.65526913084652116,0.76085897294102856,0,0.17829455896826371,-1.0251020931517878
0.30189425021741217,-1.0307884394058771,1,-1.173540372317198,-0.02681225295493923
-0.46877965929427928,-0.048605628945525114,0,-1.3184236969738137,1.7045081305379139
1.8693856830073947,0.25910274905335218,0,-0.1187173160296897,-0.83021791177740345
0.91169909163088936,0.9054848502959294,0,0.36205735119955668,-0.27356662777741758
-0.013817676376840726,-1.5083953770943248,0,-1.8088726590654676,1.6510151294025479
1.7771468439007911,1.3889029476200165,0,0.93526012670185199,0.62442611578320761
0.70558959857695858,-0.027719664636707164,0,-0.23915269270249004,1.6075727156386654
-0.018923404990992983,-0.26951606517408155,0,-2.1474861846665436,2.0278357996154353
0.89718998206170042,1.0427964639376319,1,0.66968559544214457,-1.1836466847654918
0.16509903985872743,-0.15344744957889028,0,-1.5931009429679437,-0.69159128618906895
1.4887345956691069,0.55542397997323756,0,-0.098137151656897278,0.92584543017331478
0.79845200255699189,0.75209051711436847,1,-0.33105509289221241,-2.0125420318333802
1.8965733348844018,0.87487986384754923,0,0.34297398361974507,-0.62601676238482262
1.8736359870797612,1.2006068178566345,1,0.36657617569436945,1.2295314883490955
1.7454325898300604,0.28754211087569553,1,0.17073621305690076,1.4251312292200264
1.0470311765247529,1.0634578991984949,1,0.79321580554943127,-1.0736268386916639
1.4542275520262056,0.6545887360562499,1,0.28081168080891306,-1.0792698927351017
0.29970486900247639,-0.23123635175259263,0,-0.013535865263608723,0.99673159742010553
-0.30645710930103998,0.61177207181721938,0,0.40650877863542439,-1.4124373030302848
2.0562724688904876,1.4711354932948066,0,0.76903027512452682,-0.70827566792497465
-1.0560728969163544,-0.94687068498739546,0,-0.86643164573011699,1.4902597367460455
1.5262993838035053,2.2837790396400366,1,0.80865874765044587,1.0587039682301929
0.53577811229423022,-0.49670245188071949,0,-0.64946766834386283,0.61028086038294882
0.10653061631638597,-0.25037857915182637,0,-0.37282031873603327,-0.64910651456516699
0.24017365966290072,0.51138849217546156,1,-1.5964897942519773,0.2478988447843988
1.9987775113066333,0.57870168292384849,1,1.3510029379999133,0.11163988740204539
0.20890996977871695,-0.24689842933770406,0,-0.12594076216626315,1.0177548731081767
0.33577793184333748,-0.22414071132935381,0,-1.3243926027911475,-1.5610007388457463
1.1756713139287813,0.83217041278948978,0,-0.057974536437200852,-0.98631092013038379
1.1896929316823888,0.2277136375516875,1,1.2650656281946482,-0.10780016249335131
0.91404535680785404,0.68831270008761181,1,0.38872871990864277,-0.89277782911571313
0.96191102700344189,-0.036991845542046264,0,-0.98546085140142614,1.2125538897923769
0.67496379876697365,0.82968950313175871,0,0.34346264805451643,0.39352984954336295
1.2003452619042208,0.79108746446333988,0,-0.10281168941173012,-0.80908358266424651
4.1048484379553223,2.6276263635786083,1,1.882420211696987,1.2596503185763694
1.8735686729372345,1.8454636811750178,1,1.937350297290424,-0.93106053161279234
1.0852705759012482,0.037909635273157605,1,0.57779814429303766,0.98876937128124343
-0.1037781983821795,-0.37357504345134268,0,-1.3985195066503546,-1.6100453189728705
-0.69226143314783029,-1.1824046909036499,0,0.1596263590556104,1.4755316500677378
1.9319957645101657,0.96006264876358238,0,-0.070478487500695228,-1.3525971239910912
0.092619114838110916,-1.1844055912791593,1,-1.7445308077947559,0.21546072196294497
2.6766282971629796,1.659075663189151,1,1.8818673858419657,-1.5899132851764297
1.8977582140789171,1.2686352790935704,1,0.64010917328518924,0.54746645052101461
-0.50450040193406398,0.73831999791837244,0,0.14693198068766725,-0.88015789978825376
0.73451911454178109,0.40128528940154612,1,-0.37703145607953498,-0.29082578979781648
2.6144081316124548,2.3135261810919401,1,1.0777697446772294,-0.22673038271745946
2.1747739627574978,0.95762858823084906,1,-0.66788880554297247,-1.0413633198405292
0.95971147983027216,-1.2597858464838461,0,1.9763544618699707,0.46229239685653978
1.8117226510424829,-0.94095504794922347,0,-0.14151535804691348,0.013720664517715937
-1.0560223274569203,-0.81503836518387252,0,-1.0388125616398369,-0.048393456100099305
4.2862250590736393,2.3041631979527191,1,1.3379133317340499,0.62324650516987401
-1.793862527410591,-0.45789143673668892,0,-1.715973532493333,-1.8018372453175608
2.8613877549503099,1.8619331094575213,1,0.15451548527676154,-0.25464548876362819
0.70078442236947569,-1.6514971205500804,0,-1.1756929583158466,3.0706212092033831
1.3600351394187231,1.094922468952152,1,-0.49522176715549526,1.5808902374105529
1.4312502822627362,0.27069173371155031,1,0.13798590344780826,1.1744996838274604
1.0989918823648295,-0.12529280159790654,0,0.4208775400239731,1.4809017629838772
-1.4414650888848284,-0.75836770423586619,0,-0.9935549681852307,-1.0161695099201102
-0.75056266013747452,-2.5134696658297342,0,-0.8929790117423746,0.65271162107644065
3.0905697728412012,2.7491207326828699,0,1.6281159073421492,-0.2539155663559618
0.99985484503508371,1.2589190259347873,0,0.070853937458371943,-1.2821347533867673
3.0220609907425322,2.1361217627884788,1,-0.04172384840624712,-0.3417369268284835
0.46228610425077077,0.41344302801077787,0,-0.64840074104390599,0.088682553299374897
0.58245108874544171,0.31419376973070212,0,-0.39498626206539328,1.8107840456178652
4.4354505769124231,3.3390932121259747,1,1.9490211470113474,1.63371994766549
1.0243465018034972,0.26705091256753355,0,1.6242344226552214,0.91159981621173358
0.9203282521671946,1.0162021787918263,1,-1.0969977291407005,-0.7556190708350663
1.704580150373225,0.35504114076599602,1,0.55725179941261538,-0.32981800681366796
0.1150958460282745,0.64944502897038081,0,-0.40658988985277805,-0.36656533918441264
1.5019642013891481,-0.22630510754286204,0,-0.87860376116926941,0.53579724767277126
-0.31652422713600925,-0.12806674856893524,0,-1.8428075549219602,0.20872176700467504
2.7156251647551901,2.5159410351763056,1,1.1174518045130575,-0.50543206901688731
-1.0256085565930464,-1.5741932266299421,0,-0.60269420751587555,1.1763508857031493
-0.098289475747130983,0.11874026672714294,0,-0.35041852391986317,1.680493529670656
-1.6054865435565879,-1.3069172802223872,0,-0.91434028979665727,-0.62412544567350503
0.13990061654470698,0.71569965820371451,0,1.482315102872183,-0.29423520791273283
-0.4843532773160098,-0.49176853464571835,1,-1.0275848604784728,-0.96130903150842928
0.46356948557312844,0.78231309101766322,1,-0.83169782763947497,-0.88020009369138485
0.72893130971466902,-0.0094385799524097092,0,0.60745053074809807,-1.0736764527829588
0.63786608934847133,-1.0481465552892126,0,-0.72540677115967434,-0.27164104650081594
0.74038983794146418,0.02544287341470558,0,1.2700537727924794,1.1572535022575554
1.412023133673308,0.27524987453533822,0,0.20845777495894929,-0.27034436276507545
-0.66249200015359233,-0.50187786100234499,0,-0.036678018096004468,1.5181276750941592
-0.94583928873162804,0.34646252535505639,0,-0.16918394420191082,-1.6625731256862886
2.1800778917054511,1.4465712848090191,1,-0.342847051865109,0.62238672032908005
2.0858723614373247,0.67830305146825365,1,1.1041745935486367,-0.2390482076418968
-1.6578178947475011,-1.9233402076056347,0,-2.0060805936667045,-0.56276854944336219
2.1318542049719276,2.0678965902643789,1,-0.070184261200100628,-1.0165549145849713
0.092002091011168075,0.20119419184453163,0,0.55735466892582686,0.21219444757462463
1.8953084112077021,-0.096933029328754527,0,0.5649654401351496,0.83612596472443612
-0.42638052131479931,0.43220341579912813,1,0.14814226845458869,-0.44476673762980656
0.97250620792463116,1.9165224418259483,1,0.68667075873506978,-0.72038177693982575
-1.7236325818081615,-1.1628758997670841,0,-1.0949571100226583,2.2789035556964774
-0.30062031234229858,0.55042386044486746,0,-0.21025321324092835,-1.4637787646582368
-0.0055156508283787931,-0.25423951158110369,0,-1.7346655094960941,2.1818313753371994
-0.94468210256458829,0.74551429249205858,0,-0.93433568218097229,1.7776317484447621
-2.2926267641037414,-1.6985537595253422,0,-1.4607481525519224,0.33822059034099294
1.2373267234106953,1.2100410314734638,1,1.0452221605552072,0.020851362055648245
2.0032326813725456,2.5568035858506337,0,0.078144129218376004,-1.4874266281069592
2.3543190947780666,2.0560546491511511,1,1.5346917068565098,-0.20978807776546668
0.07865450170314775,0.41866093362008194,0,-0.92345180073080968,-0.26709681706348309
-0.1401033700531551,-0.34784726856483095,0,0.14052428293041772,0.69974947818327582
1.9241929035538576,1.7609916194818982,1,0.41749367205722065,-0.045816064506266067
3.6097368633588216,1.503464387132778,1,1.464377587052097,1.7949852593699587
0.66298727866016605,-1.3072809607228573,0,-1.005597917216297,1.1772746582135933
0.91411663352338057,0.88252678276459862,1,-0.2381548753814216,-0.024455560656071788
3.6872896284654142,1.9771734836622459,1,0.65706365636460617,-0.66307825485191685
1.5442117944760572,1.1682280787163344,1,-0.72453310882060495,-0.92998078425309516
0.53521299814815637,0.88267004184237297,1,-0.69805873308388333,-0.30212613998799787
1.5754077498994872,0.17005390024798056,0,-0.27854692203859599,0.16786910217988493
-0.67069571574348508,0.26870868488981886,0,-1.6139407740662406,-0.2191615910404428
1.6128549934248031,1.586618750184372,1,0.35317974355527171,-0.40880741247176494
2.0158540604704829,0.91342742940938304,1,0.54241555812406983,0.74115243378380968
-0.83392290644727629,-0.69895619974825141,0,-0.99234058934870673,-0.61890425692269913
1.0710664986074443,-0.0095499800994619244,0,-0.21571834878954088,0.12574599926733887
2.6660566552088927,2.0954557709518276,0,-0.43812851336440051,-1.3762890377129351
0.82054643615001077,-0.10812712692591753,1,0.2593741925815653,0.43374549721781036
0.9574103343595729,1.226433070090382,0,0.0081189907090798829,-1.3350356916738353
-0.33616509086652457,-0.85090878244051937,0,-1.1110094651540257,0.21446877416691046
1.0107359844422583,-0.12577205411900394,0,-1.1212089121023749,-1.5723780182888076
1.1554001478185441,0.20483880165286483,1,0.52482801242676458,0.76160953751107341
0.85976428234186619,0.24647730367151888,0,-0.3512867319729297,0.62370352927486661
2.0351282155360244,1.7330958735207318,1,1.7994301810126321,-0.13619074654501284
-1.1736854632552989,-0.79930989994498947,0,-0.63203845598008179,0.4168556071617206
0.1822145226959514,0.54116575395775768,1,-0.22734726843948164,-0.34969638369515188
1.0181429165053568,0.28246671072989227,0,-0.28459143288284167,2.4354365066129158
-0.018261352858807589,0.51708444871579173,0,-1.7098597495856329,1.2120284421508447
2.9011959702083399,2.1831868845960178,1,0.58002913812416812,-1.2105867766392129
-0.58775908891042916,-1.5851357622256188,0,-1.3542902719062839,0.74866689442182055
-0.028597261269300733,-0.18050308185887573,0,0.63439084290825243,0.71473205041304699
0.74911052194473493,0.64609621453889032,0,-0.62452496875649688,-1.0184601715867709
0.13316602648951881,0.65426112518196122,0,0.54445212246075558,0.0065615951785801497
0.67282669519046601,-0.26538467195421256,0,-0.69270726395620119,2.4305768860233075
-0.18414863431589476,-0.30288944216918146,0,-1.1334097758026935,0.039881149240675019
1.9636872281306994,1.583786814006154,1,0.055661481321744498,-0.69088470441322092
0.018452302200205661,-0.18348987669526373,1,1.12387228410879,1.1822853734060954
1.7120133391235428,-0.58570727578144965,0,0.90636096625055262,1.3893803590574834
0.53382239811103416,-0.16600015154185227,0,-0.23454446881289229,0.90503210678335633
1.2503769573981041,1.3303072781877365,0,1.1247505468429679,-1.5238990929811058
2.1589449259863849,0.36834722576691464,0,0.4874798766665317,2.2568405889696885
-0.21489969378854173,0.7740045353178453,0,-0.80435956568239952,-0.98197348216460612
-0.083870880184494734,1.2974415652877718,1,-0.5772274364424882,0.37918723298116774
0.83507890321012246,-0.29040664565637725,0,-0.72058308748290723,0.74789311032046457
2.5656292235303435,0.94011219413638569,1,0.45760158784627497,0.030536390169503415
1.3713825185698187,-0.08285588622947837,1,0.10041446830848685,0.023352523248342524
0.89232640298891208,0.49562221962094871,0,-0.186082003696281,0.90536282434936322
2.119684007028928,1.6070416087513975,1,-0.028760572782113553,1.6210898472844952
0.32506447111284265,0.13345711309073693,0,1.2852586926572009,0.85081281022188693
-1.4154465606509909,-0.60751735319189182,0,-1.3355471121919082,0.47113291625876252
2.0188099539475504,0.67737098916256255,1,0.59321224142006912,0.34715965607057753
-0.59468584890229725,-0.07993135429515863,0,1.1421031077987631,-0.49809674201499604
0.34043599907076028,0.3826026231514309,0,1.13949692487087,1.0902074415974363
0.77857657307965011,0.68782522854085704,0,0.95859485989949367,-0.46708953650013019
1.7343204438447239,1.3596636615901467,1,-0.42204098862422373,-1.0673808019645774
-0.028404466150233121,0.48189967358507585,0,0.41245274456244979,-1.8303456031457497
1.4112000226471966,-0.14442234425983208,0,-0.81934916445303541,-1.2366668936515293
0.64334006697828439,-0.051550244422242208,1,-0.013926432955918102,-0.94620879234175348
0.88636426460168805,1.6872779526070274,1,1.7499231080950242,-1.0221234235961034
2.4185152043406264,1.8550687794153677,1,-0.2491099719022348,-0.80508255182653121
0.65275367395954575,0.66630656152507273,0,0.39587967725149026,-0.21606671585951986
-0.68975893235340724,-0.38892637831726928,0,-0.96412148106476936,-0.38378836708060488
1.2894519773272566,0.7391624352152123,0,0.54067223443526247,0.10628396111925639
0.19980641250298764,-0.3281050499525493,1,-1.5437294573508096,0.66657906500742892
0.30414742217953089,0.50204740265643899,0,-0.59281609408225777,0.2604838230889312
1.4138928590878295,1.6284320050083805,1,0.32515899094928702,-0.71310528143911844
1.6020515122831656,1.6506506914738326,0,-0.22203211380559065,-0.86288744890553526
1.6304549703092841,0.65196614471279213,1,0.51326232452191767,2.2358293471907724
-0.65774895361565666,0.2176913155214755,0,0.043621609968799734,0.17363535167227059
-1.3455945274146144,-0.8329282800562724,0,-1.2402923402993189,1.5756691770956015
-0.84658849558925009,-1.3121586020999603,0,-0.023787367680261105,1.5533360750381449
1.7762894954999033,0.61443928628809641,1,0.1012764333879361,-0.55185165571507111
-1.1929580950806193,0.50765310487101512,0,-0.76445252120080465,-1.002856368716718
0.55052672483065601,2.2158129525224597,0,0.23167757908401013,-0.87081368839235118
-2.4498642021465842,-1.935942340411644,0,-1.2395893388545689,0.52835149243560087
-1.6249950818908627,-2.2009060938194054,0,-1.1343887537794501,-0.13423911855284207
-0.053561011790628998,-0.16739702042439275,0,-1.3966596984118533,1.0517398722025866
-0.40970389760337106,-0.36434302190300982,0,-0.28216374665505933,0.68465314916279685
1.6329229646538004,1.0615725185844582,1,-0.081107603552852098,0.63989215779328412
-0.05280449148100394,-0.032130459568327163,0,-0.70897018154260072,-0.91924265737980226
-0.70023720956577551,-0.076673165680397171,0,0.46351959727402875,1.2495533628408382
0.36508801149154019,0.67515954690186264,0,-0.18760298995671662,0.019395211244647784
0.080334014635846218,0.73452769164001253,0,-0.30385338278958446,-1.1244234067292525
0.62600918309083875,1.0753467298830539,1,-0.28815369510266881,-0.68635622730080648
1.0339880242922863,-0.043304059595857106,0,0.32216206313239404,1.5763479173632104
0.0046985506990812609,0.33253968649584165,0,-0.61955629838019366,-0.63550300705199425
0.14443138383667514,0.21549058947792052,0,-0.74863350254200955,0.19766169415101059
2.8565599512931046,0.83606616720926752,1,1.5097118302879291,1.3891413935898065
0.47395846916818762,-0.019430321598026767,0,-1.4611567554868388,-0.96364663788602545
2.0090048781717202,2.6556427849636135,1,0.13403846219429175,-0.32882095478475526
1.9724444701281263,1.4936716437183126,0,0.10327887595389761,0.24737870642327328
1.5388929177512851,1.5865736392701,1,0.13621420090399036,-1.720620067896337
0.48001012263885823,-0.087105681893379139,0,-1.8692690103315361,-0.45432690080842764
-0.086829260128698585,0.29540097835246665,0,-1.4307857267747668,-1.1896571952857882
1.8653304758812963,1.6155092328354606,0,-0.58477009999551821,1.4145094786532135
2.377922741480837,2.6070066910256435,1,1.7109568954121348,-0.86761400537216671
1.5604416126141947,0.59328915160357343,1,0.20611592913424392,0.13719433659258784
1.5299819180679077,0.2638760425872696,0,0.11135254052205547,1.3914076816941092
0.16338770114545675,1.1561995070563107,1,-0.71174302735131401,0.40250744581113818
-2.0721112789312062,-1.7330959890483775,0,-1.3978090448110867,0.96520190643023573
0.56575301876469719,0.49739018941111657,0,0.20371405775542292,0.052817988882847791
0.5568501230383982,-0.46998939861547517,0,-0.20780126264287643,1.1647308111174961
2.3379285713501967,1.1529486696234232,1,-0.33069941529571417,-0.02857100209855808
1.2778060967540021,0.13368467677329998,1,-0.85009567003933773,-1.9880087065635497
1.1623016922119145,-0.05853550844050126,1,-0.97906741187293966,-0.68575729460536727
1.2741840896709593,0.23397226079559258,1,-0.1666928217160214,0.82768527813039428
-0.28159897134176459,0.7789478689217012,0,-0.092993719721667381,-0.22704899681244584
-0.55834894742901686,-1.0587467431138322,0,-0.28078215695844855,0.26292484969570024
2.1673312405514369,0.89538383196681293,1,0.75397501477653051,1.129071609080919
1.1495546338098879,0.74994995961734201,0,1.3384427822914204,0.73072606998338507
-0.018675431479929339,-0.026703558566782467,0,0.061241690455237779,0.77686015552769638
0.10536779011978689,-0.36818055376682868,0,-0.71230985823930304,0.698020033880559
