"blob","md5","restored_as"
"001_zzf_xv_A_01.csv","796de702afefef090e5b91d30ec622a0","zzf_xv_A_01.csv"
"002_zzf_xv_A_02.csv","0d5cb6913b58705730421846f3a29443","zzf_xv_A_02.csv"
"003_zzf_xv_A_03.csv","3125ec0258de3830a4b904fde3a466df","zzf_xv_A_03.csv"
"004_zzf_xv_A_04.csv","da3ca992a814aecb9a4c7184e7ad7f61","zzf_xv_A_04.csv"
"005_zzf_xv_A_05.csv","b5127d3f65e418fee6d6c3e235d07cf7","zzf_xv_A_05.csv"
"006_zzf_xv_A_06.csv","ef12e7925b0c66da2dd5247901fc5e2f","zzf_xv_A_06.csv"
"007_zzf_xv_A_07.csv","00c8138530d4c3447df5eb6686fae75d","zzf_xv_A_07.csv"
"008_zzf_xv_A_08.csv","00ffd079e4139feedfa1d9cc9c1c7796","zzf_xv_A_08.csv"
"009_zzf_xv_A_09.csv","30dd36c087dc4761eca94ca6f4ff8bf6","zzf_xv_A_09.csv"
"010_zzf_xv_A_10.csv","6b669ac520b4ea1598032116af34097b","zzf_xv_A_10.csv"
"011_zzf_xv_A_11.csv","9c567cff6612937305de55c41483009a","zzf_xv_A_11.csv"
"012_zzf_xv_A_12.csv","7698763a83f3ce7ad822a4b674339838","zzf_xv_A_12.csv"
"013_zzf_xv_A_13.csv","abf7127aa3f7591096132ca7a7fa51b1","zzf_xv_A_13.csv"
"014_zzf_xv_A_14.csv","6d11cab6bd8f1fbc90962c9b784df917","zzf_xv_A_14.csv"
"015_zzf_xv_A_15.csv","c3230fdb29fb56da964e385d7e46c89c","zzf_xv_A_15.csv"
"016_zzf_xv_A_16.csv","aa16255ba09e8404d8650d0c7b4f31b4","zzf_xv_A_16.csv"
"017_zzf_xv_A_17.csv","eb8a45193bd883f71ef2b7b60fba429b","zzf_xv_A_17.csv"
"018_zzf_xv_A_18.csv","aee27c7a3381aa9d35c0aaef89ef31cb","zzf_xv_A_18.csv"
"019_zzf_xv_A_19.csv","7a30232a486a8517246e3aa86a0563b2","zzf_xv_A_19.csv"
"020_zzf_xv_A_20.csv","860d1d55d928c76e6eaa79c12a00bedd","zzf_xv_A_20.csv"
"021_zzf_xv_B_01.csv","b0ca619ded69ed9dd22bc334da16df4d","zzf_xv_B_01.csv"
"022_zzf_xv_B_02.csv","b8ac4312b7e0d29e432033ef77a654a5","zzf_xv_B_02.csv"
"023_zzf_xv_B_03.csv","7236ffdd84002d8f081acdb4eeffc1ea","zzf_xv_B_03.csv"
"024_zzf_xv_B_04.csv","2db6b2dd1383bafe302199d54bf636d8","zzf_xv_B_04.csv"
"025_zzf_xv_B_05.csv","173e40b79805c046549d787e0ab2c8a8","zzf_xv_B_05.csv"
"026_zzf_xv_B_06.csv","c948ea1b7bb07ba818aa984e76453856","zzf_xv_B_06.csv"
"027_zzf_xv_B_07.csv","2504fdc868e3bff48ab95eb1b1ccd2ad","zzf_xv_B_07.csv"
"028_zzf_xv_B_08.csv","2d7399cdcc7c6a0baf85e3688bd99c34","zzf_xv_B_08.csv"
"029_zzf_xv_B_09.csv","75e3f8add9796787b9a8b94b660974d3","zzf_xv_B_09.csv"
"030_zzf_xv_B_10.csv","346d01507cc221b9e6455a2cdfdf7d48","zzf_xv_B_10.csv"
"031_zzf_xv_B_11.csv","e74612842dfaef69d32e31968bc7a653","zzf_xv_B_11.csv"
"032_zzf_xv_B_12.csv","da681297d8ad3cb8d3e0ae6d48d4215c","zzf_xv_B_12.csv"
"033_zzf_xv_B_13.csv","645506d09747937e49aadc8e699088f0","zzf_xv_B_13.csv"
"034_zzf_xv_B_14.csv","12cf7f946c2ea680a8cfcf69eb46d531","zzf_xv_B_14.csv"
"035_zzf_xv_B_15.csv","e370f468fec8de1ffd2460ee7479b37a","zzf_xv_B_15.csv"
"036_zzf_xv_B_16.csv","4653fe04deb37bfaf6326783b683dcff","zzf_xv_B_16.csv"
"037_zzf_xv_B_17.csv","c0479a149103ea539008844f9e0c833e","zzf_xv_B_17.csv"
"038_zzf_xv_B_18.csv","d495f2ec5306d6f9468a81dc90bc5284","zzf_xv_B_18.csv"
"039_zzf_xv_B_19.csv","d8866859b9b23ccf2d7a37a6a95962dc","zzf_xv_B_19.csv"
"040_zzf_xv_B_20.csv","a9227623148dfccf6b9f17bd08ca3f57","zzf_xv_B_20.csv"
"041_zzf_xv_C_01.csv","4f1f90b1b52390932689ca8e865774a6","zzf_xv_C_01.csv"
"042_zzf_xv_C_02.csv","43240f794a4c66d8c17fd02ce977653f","zzf_xv_C_02.csv"
"043_zzf_xv_C_03.csv","bfd966d64b394e7e119cf2eac26c0684","zzf_xv_C_03.csv"
"044_zzf_xv_C_04.csv","4055d1f5abc64fb9c48aada009aa142f","zzf_xv_C_04.csv"
"045_zzf_xv_C_05.csv","f004a185c441ff8a2182ce27e74e7c81","zzf_xv_C_05.csv"
"046_zzf_xv_C_06.csv","9e4281eb1241fd27716434ba3536ba23","zzf_xv_C_06.csv"
"047_zzf_xv_C_07.csv","5258ea9f8b9aec38fcd95a2609e2bb15","zzf_xv_C_07.csv"
"048_zzf_xv_C_08.csv","59bd013a525ea6285c172c4931848b2d","zzf_xv_C_08.csv"
"049_zzf_xv_C_09.csv","6340b5209d267bae07c51da3ba0ea249","zzf_xv_C_09.csv"
"050_zzf_xv_C_10.csv","ded838928b3787199582ee62e32bcc75","zzf_xv_C_10.csv"
"051_zzf_xv_C_11.csv","c78adb5adbb6643e51ac87762ba29fb5","zzf_xv_C_11.csv"
"052_zzf_xv_C_12.csv","52613c48491cae250c666f011da73f40","zzf_xv_C_12.csv"
"053_zzf_xv_C_13.csv","0899c1da97d35d771092492bb759a636","zzf_xv_C_13.csv"
"054_zzf_xv_C_14.csv","cec702023f392c2bbc4a7c59cca100da","zzf_xv_C_14.csv"
"055_zzf_xv_C_15.csv","b39b11a39cb3997492e8df8051a7c564","zzf_xv_C_15.csv"
"056_zzf_xv_C_16.csv","28d0a22f9440a3c2eb332a30df754273","zzf_xv_C_16.csv"
"057_zzf_xv_C_17.csv","85145676b5fe4f4066f189b67f70467f","zzf_xv_C_17.csv"
"058_zzf_xv_C_18.csv","9d6b9a91c3ec1e13522b84d66d8250b3","zzf_xv_C_18.csv"
"059_zzf_xv_C_19.csv","a65f0caf31ad3386801ed3e16b5b30d5","zzf_xv_C_19.csv"
"060_zzf_xv_C_20.csv","d17302e2c7cfabc216887f91ba2be1f0","zzf_xv_C_20.csv"
"061_zzf_xv_D_01.csv","3da8f6a975a549db18935795d9cbf70e","zzf_xv_D_01.csv"
"062_zzf_xv_D_02.csv","43dcdc3b0634bf9e8450b75ab57ec9c4","zzf_xv_D_02.csv"
"063_zzf_xv_D_03.csv","5d406133913ab6af0c0d35adcf30d912","zzf_xv_D_03.csv"
"064_zzf_xv_D_04.csv","ecbd8f93937a0b04b5b31bb41eea1b75","zzf_xv_D_04.csv"
"065_zzf_xv_D_05.csv","73f160b6b48f64245cf19cad8fcce430","zzf_xv_D_05.csv"
"066_zzf_xv_D_06.csv","e7d5542bd4ec05bb5a35a7f8a3374934","zzf_xv_D_06.csv"
"067_zzf_xv_D_07.csv","b79257318f0b4d4f2b011d02b5640363","zzf_xv_D_07.csv"
"068_zzf_xv_D_08.csv","f5f8cd21e1e48231dafa1abed1dbb825","zzf_xv_D_08.csv"
"069_zzf_xv_D_09.csv","4714d13e40c1930e991194c33f7d380e","zzf_xv_D_09.csv"
"070_zzf_xv_D_10.csv","5e03618eafd9af10612197a5edc28949","zzf_xv_D_10.csv"
"071_zzf_xv_D_11.csv","5152ff6f191f286a6ea841416d2b400d","zzf_xv_D_11.csv"
"072_zzf_xv_D_12.csv","9ee7e0699ba353b58f9de38012b82174","zzf_xv_D_12.csv"
"073_zzf_xv_D_13.csv","3a20f8548ac12a154704071b0e7798bb","zzf_xv_D_13.csv"
"074_zzf_xv_D_14.csv","c52e91c55023673fa3869e502a8ae466","zzf_xv_D_14.csv"
"075_zzf_xv_D_15.csv","ffad0286c136afe4b271aa9b31e91fff","zzf_xv_D_15.csv"
"076_zzf_xv_D_16.csv","debedc62773a09213748cbf9d349cd1a","zzf_xv_D_16.csv"
"077_zzf_xv_D_17.csv","0cefe82640342ffa696dd4b88c5eb4b2","zzf_xv_D_17.csv"
"078_zzf_xv_D_18.csv","531ffb580a274c8869e5bab23a527638","zzf_xv_D_18.csv"
"079_zzf_xv_D_19.csv","9ae3987ff9603079dc2259712c3351d0","zzf_xv_D_19.csv"
"080_zzf_xv_D_20.csv","f686e8703b04149eede9a2e63e6f034b","zzf_xv_D_20.csv"
"081_zzf_xv_X_01.csv","1ca8f0a1f780c993938e037ac148fe50","zzf_xv_X_01.csv"
"082_zzf_xv_X_02.csv","502b0229a7e4be9a1f007e6b98f96254","zzf_xv_X_02.csv"
"083_zzf_xv_X_03.csv","b9ff4e63f6dd231a5e884a0dc468e783","zzf_xv_X_03.csv"
"084_zzf_xv_X_04.csv","bc52919cec73786ce15b1fb318250307","zzf_xv_X_04.csv"
"085_zzf_xv_X_05.csv","70076388547bb600b0acf01ab1a32b72","zzf_xv_X_05.csv"
"086_zzf_xv_X_06.csv","5b83c4f91d8df69550c8f2b52928d7b4","zzf_xv_X_06.csv"
"087_zzf_xv_X_07.csv","c80aa6bc7fbe227fb068e9039e2679bd","zzf_xv_X_07.csv"
"088_zzf_xv_X_08.csv","a7c92f5c70f5662d737a4f3c3a637141","zzf_xv_X_08.csv"
"089_zzf_xv_X_09.csv","c374626e8beee1002ef3408643a6e8e2","zzf_xv_X_09.csv"
"090_zzf_xv_X_10.csv","eafb8c8bca43d7faa61e974803098403","zzf_xv_X_10.csv"
"091_zzf_xv_X_11.csv","63f10f708b96d02e2051c12a2923b8c2","zzf_xv_X_11.csv"
"092_zzf_xv_X_12.csv","2c88c8df1bae77d6310178cdd797f298","zzf_xv_X_12.csv"
"093_zzf_xv_X_13.csv","575c8fc99510f0d05caf2469ac749680","zzf_xv_X_13.csv"
"094_zzf_xv_X_14.csv","94e7ee5b2d744ca555d8c86fb5ac2923","zzf_xv_X_14.csv"
"095_zzf_xv_X_15.csv","37e3a98f1a1487811c0e2c3cfd513ff7","zzf_xv_X_15.csv"
"096_zzf_xv_X_16.csv","62fa4d2c8d3425c96bbfa42755e35c43","zzf_xv_X_16.csv"
"097_zzf_xv_X_17.csv","f4b4b9dea84c0b9e2cb8dcf0c7fe6f0a","zzf_xv_X_17.csv"
"098_zzf_xv_X_18.csv","b3caa8de9e40573e52b51c6abe1bfcef","zzf_xv_X_18.csv"
"099_zzf_xv_X_19.csv","6ae2e0c2f2780f14f926c6d114c554dd","zzf_xv_X_19.csv"
"100_zzf_xv_X_20.csv","6e5916bcca68e891b1e2330a6c4d45ca","zzf_xv_X_20.csv"
"101_zzf_xv_lam_B_01.csv","6c487252dee41ce44580e009ba9add4f","zzf_xv_lam_B_01.csv"
"102_zzf_xv_lam_B_02.csv","da0810c046503a12e8cbf81c99906222","zzf_xv_lam_B_02.csv"
"103_zzf_xv_lam_B_03.csv","d6b4effc55c7440e30aef2f8d3d9c43b","zzf_xv_lam_B_03.csv"
"104_zzf_xv_lam_X_01.csv","3d0f0e5e0b2d1e12236bb2d1f6b2efb7","zzf_xv_lam_X_01.csv"
"105_zzf_xv_lam_X_02.csv","36086389abbefee7e00f08e6cad1136e","zzf_xv_lam_X_02.csv"
"106_zzf_xv_lam_X_03.csv","301e2617c21eb06f93057f1dd086bb80","zzf_xv_lam_X_03.csv"
"107_zzf_xv_manifest.csv","d641e7ee383bed4c0952369cea93e471","zzf_xv_manifest.csv"
"108_zzf_xv_oracle_beta.csv","a0cb650006e54afe09809f893b04421b","zzf_xv_oracle_beta.csv"
